sample_id,batch_id,cultivar_code,outer_fold
313_A110_B01-0003,313_A110_B01,L313,4
313_A110_B01-0004,313_A110_B01,L313,5
313_A110_B01-0006,313_A110_B01,L313,5
313_A110_B01-0007,313_A110_B01,L313,2
313_A110_B01-0008,313_A110_B01,L313,2
313_A110_B01-0009,313_A110_B01,L313,2
313_A110_B01-0013,313_A110_B01,L313,5
313_A110_B01-0015,313_A110_B01,L313,1
313_A110_B01-0016,313_A110_B01,L313,5
313_A110_B01-0018,313_A110_B01,L313,4
313_A110_B01-0019,313_A110_B01,L313,3
313_A110_B01-0021,313_A110_B01,L313,1
313_A110_B01-0022,313_A110_B01,L313,4
313_A110_B01-0023,313_A110_B01,L313,2
313_A110_B01-0024,313_A110_B01,L313,1
313_A110_B01-0025,313_A110_B01,L313,2
313_A110_B01-0026,313_A110_B01,L313,3
313_A110_B01-0027,313_A110_B01,L313,4
313_A110_B01-0028,313_A110_B01,L313,4
313_A110_B01-0029,313_A110_B01,L313,5
313_A110_B01-0030,313_A110_B01,L313,4
313_A110_B01-0032,313_A110_B01,L313,2
313_A110_B01-0033,313_A110_B01,L313,1
313_A110_B01-0034,313_A110_B01,L313,1
313_A110_B01-0035,313_A110_B01,L313,1
313_A110_B01-0036,313_A110_B01,L313,2
313_A110_B01-0038,313_A110_B01,L313,3
313_A110_B01-0039,313_A110_B01,L313,1
313_A110_B01-0040,313_A110_B01,L313,1
313_A110_B01-0041,313_A110_B01,L313,1
313_A110_B01-0042,313_A110_B01,L313,4
313_A110_B01-0043,313_A110_B01,L313,1
313_A110_B01-0044,313_A110_B01,L313,5
313_A110_B01-0045,313_A110_B01,L313,5
313_A110_B01-0046,313_A110_B01,L313,3
313_A110_B01-0047,313_A110_B01,L313,2
313_A110_B01-0048,313_A110_B01,L313,1
313_A110_B01-0049,313_A110_B01,L313,5
313_A110_B01-0052,313_A110_B01,L313,2
313_A110_B01-0053,313_A110_B01,L313,1
313_A110_B01-0054,313_A110_B01,L313,3
313_A110_B01-0055,313_A110_B01,L313,5
313_A110_B01-0056,313_A110_B01,L313,5
313_A110_B01-0057,313_A110_B01,L313,2
313_A110_B01-0058,313_A110_B01,L313,4
313_A110_B01-0059,313_A110_B01,L313,3
313_A110_B01-0060,313_A110_B01,L313,1
313_A110_B01-0062,313_A110_B01,L313,3
313_A110_B01-0063,313_A110_B01,L313,2
313_A110_B01-0064,313_A110_B01,L313,2
313_A110_B01-0065,313_A110_B01,L313,3
313_A110_B01-0066,313_A110_B01,L313,4
313_A110_B01-0067,313_A110_B01,L313,3
313_A110_B01-0069,313_A110_B01,L313,3
313_A110_B01-0070,313_A110_B01,L313,2
313_A110_B01-0071,313_A110_B01,L313,3
313_A110_B01-0072,313_A110_B01,L313,4
313_A110_B01-0073,313_A110_B01,L313,5
313_A110_B01-0074,313_A110_B01,L313,5
313_A110_B01-0076,313_A110_B01,L313,5
313_A110_B01-0077,313_A110_B01,L313,3
313_A110_B01-0078,313_A110_B01,L313,4
313_A110_B01-0079,313_A110_B01,L313,4
313_A110_B01-0080,313_A110_B01,L313,2
313_A110_B01-0081,313_A110_B01,L313,2
313_A110_B01-0084,313_A110_B01,L313,4
313_A110_B01-0085,313_A110_B01,L313,5
313_A110_B01-0086,313_A110_B01,L313,3
313_A110_B01-0087,313_A110_B01,L313,2
313_A110_B01-0088,313_A110_B01,L313,5
313_A110_B01-0089,313_A110_B01,L313,1
313_A110_B01-0090,313_A110_B01,L313,5
313_A110_B01-0091,313_A110_B01,L313,1
313_A110_B01-0092,313_A110_B01,L313,3
313_A110_B01-0093,313_A110_B01,L313,5
313_A110_B01-0094,313_A110_B01,L313,4
313_A110_B01-0096,313_A110_B01,L313,2
313_A110_B01-0098,313_A110_B01,L313,3
313_A110_B01-0099,313_A110_B01,L313,4
313_A110_B01-0100,313_A110_B01,L313,4
313_A110_B01-0101,313_A110_B01,L313,1
313_A110_B01-0103,313_A110_B01,L313,4
313_A110_B01-0104,313_A110_B01,L313,5
313_A110_B01-0105,313_A110_B01,L313,3
313_A110_B01-0106,313_A110_B01,L313,2
313_A110_B01-0107,313_A110_B01,L313,3
313_A110_B01-0108,313_A110_B01,L313,1
313_A110_B01-0109,313_A110_B01,L313,4
313_A110_B01-0110,313_A110_B01,L313,1
313_A110_B01-0111,313_A110_B01,L313,1
313_A110_B01-0112,313_A110_B01,L313,2
313_A110_B01-0114,313_A110_B01,L313,5
313_A110_B01-0115,313_A110_B01,L313,1
313_A110_B01-0116,313_A110_B01,L313,3
313_A110_B01-0117,313_A110_B01,L313,5
313_A110_B01-0118,313_A110_B01,L313,3
313_A110_B01-0119,313_A110_B01,L313,5
313_A110_B01-0121,313_A110_B01,L313,4
313_A110_B01-0122,313_A110_B01,L313,1
313_A110_B01-0123,313_A110_B01,L313,4
313_A110_B01-0124,313_A110_B01,L313,1
313_A110_B01-0125,313_A110_B01,L313,3
313_A110_B01-0126,313_A110_B01,L313,3
313_A110_B01-0127,313_A110_B01,L313,1
313_A110_B01-0128,313_A110_B01,L313,2
313_A110_B01-0129,313_A110_B01,L313,4
313_A110_B01-0131,313_A110_B01,L313,5
313_A110_B01-0132,313_A110_B01,L313,5
313_A110_B01-0133,313_A110_B01,L313,5
313_A110_B01-0134,313_A110_B01,L313,4
313_A110_B01-0135,313_A110_B01,L313,4
313_A110_B01-0136,313_A110_B01,L313,2
313_A110_B01-0137,313_A110_B01,L313,5
313_A110_B01-0138,313_A110_B01,L313,3
313_A110_B01-0139,313_A110_B01,L313,1
313_A110_B01-0140,313_A110_B01,L313,2
313_A110_B01-0141,313_A110_B01,L313,1
313_A110_B01-0142,313_A110_B01,L313,2
313_A110_B01-0143,313_A110_B01,L313,4
313_A110_B01-0144,313_A110_B01,L313,5
313_A110_B01-0145,313_A110_B01,L313,4
313_A110_B01-0146,313_A110_B01,L313,3
313_A110_B01-0147,313_A110_B01,L313,3
313_A110_B01-0148,313_A110_B01,L313,3
313_A110_B01-0149,313_A110_B01,L313,3
313_A110_B01-0150,313_A110_B01,L313,3
313_A110_B01-0151,313_A110_B01,L313,3
313_A110_B01-0152,313_A110_B01,L313,5
313_A110_B01-0153,313_A110_B01,L313,3
313_A110_B01-0154,313_A110_B01,L313,3
313_A110_B01-0155,313_A110_B01,L313,4
313_A110_B01-0156,313_A110_B01,L313,5
313_A110_B01-0157,313_A110_B01,L313,2
313_A110_B01-0158,313_A110_B01,L313,1
313_A110_B01-0159,313_A110_B01,L313,4
313_A110_B01-0160,313_A110_B01,L313,3
313_A110_B01-0161,313_A110_B01,L313,1
313_A110_B01-0162,313_A110_B01,L313,3
313_A110_B01-0163,313_A110_B01,L313,1
313_A110_B01-0164,313_A110_B01,L313,3
313_A110_B01-0166,313_A110_B01,L313,2
313_A110_B01-0167,313_A110_B01,L313,5
313_A110_B01-0168,313_A110_B01,L313,5
313_A110_B01-0169,313_A110_B01,L313,4
313_A110_B01-0170,313_A110_B01,L313,1
313_A110_B01-0173,313_A110_B01,L313,2
313_A110_B01-0174,313_A110_B01,L313,2
313_A110_B01-0175,313_A110_B01,L313,5
313_A110_B01-0176,313_A110_B01,L313,5
313_A110_B01-0177,313_A110_B01,L313,5
313_A110_B01-0178,313_A110_B01,L313,3
313_A110_B01-0179,313_A110_B01,L313,1
313_A110_B01-0180,313_A110_B01,L313,2
313_A110_B01-0181,313_A110_B01,L313,3
313_A110_B01-0182,313_A110_B01,L313,4
313_A110_B01-0184,313_A110_B01,L313,3
313_A110_B01-0185,313_A110_B01,L313,1
313_A110_B01-0186,313_A110_B01,L313,5
313_A110_B01-0188,313_A110_B01,L313,2
313_A110_B01-0189,313_A110_B01,L313,4
313_A110_B01-0190,313_A110_B01,L313,1
313_A110_B01-0191,313_A110_B01,L313,3
313_A110_B01-0192,313_A110_B01,L313,1
313_A110_B01-0193,313_A110_B01,L313,4
313_A110_B01-0194,313_A110_B01,L313,4
313_A110_B01-0196,313_A110_B01,L313,4
313_A110_B01-0197,313_A110_B01,L313,5
313_A110_B01-0198,313_A110_B01,L313,3
313_A110_B01-0199,313_A110_B01,L313,4
313_A110_B01-0200,313_A110_B01,L313,1
313_A110_B01-0201,313_A110_B01,L313,1
313_A110_B01-0202,313_A110_B01,L313,4
313_A110_B01-0204,313_A110_B01,L313,4
313_A110_B01-0205,313_A110_B01,L313,4
313_A110_B01-0206,313_A110_B01,L313,1
313_A110_B01-0208,313_A110_B01,L313,4
313_A110_B01-0210,313_A110_B01,L313,5
313_A110_B01-0211,313_A110_B01,L313,3
313_A110_B01-0212,313_A110_B01,L313,5
313_A110_B01-0213,313_A110_B01,L313,3
313_A110_B01-0214,313_A110_B01,L313,1
313_A110_B01-0215,313_A110_B01,L313,1
313_A110_B01-0217,313_A110_B01,L313,4
313_A110_B01-0219,313_A110_B01,L313,2
313_A110_B01-0220,313_A110_B01,L313,2
313_A110_B01-0221,313_A110_B01,L313,4
313_A110_B01-0222,313_A110_B01,L313,1
313_A110_B01-0224,313_A110_B01,L313,2
313_A110_B01-0225,313_A110_B01,L313,5
313_A110_B01-0226,313_A110_B01,L313,2
313_A110_B01-0227,313_A110_B01,L313,5
313_A110_B01-0228,313_A110_B01,L313,2
313_A110_B01-0229,313_A110_B01,L313,5
313_A110_B01-0231,313_A110_B01,L313,4
313_A110_B01-0232,313_A110_B01,L313,2
313_A110_B01-0233,313_A110_B01,L313,2
313_A110_B01-0234,313_A110_B01,L313,4
313_A110_B01-0235,313_A110_B01,L313,1
313_A110_B01-0236,313_A110_B01,L313,1
313_A110_B01-0237,313_A110_B01,L313,4
313_A110_B01-0238,313_A110_B01,L313,3
313_A110_B01-0239,313_A110_B01,L313,2
313_A110_B01-0241,313_A110_B01,L313,2
313_A110_B01-0242,313_A110_B01,L313,2
313_A110_B01-0243,313_A110_B01,L313,1
313_A110_B01-0244,313_A110_B01,L313,5
313_A110_B01-0245,313_A110_B01,L313,5
313_A110_B01-0246,313_A110_B01,L313,2
313_A110_B01-0247,313_A110_B01,L313,2
313_A110_B01-0248,313_A110_B01,L313,2
313_A110_B01-0249,313_A110_B01,L313,4
313_A110_B01-0250,313_A110_B01,L313,3
313_A110_B01-0251,313_A110_B01,L313,3
313_A110_B01-0252,313_A110_B01,L313,4
313_A110_B01-0253,313_A110_B01,L313,4
313_A110_B01-0256,313_A110_B01,L313,3
313_A110_B01-0257,313_A110_B01,L313,4
313_A110_B01-0258,313_A110_B01,L313,2
313_A110_B01-0259,313_A110_B01,L313,5
313_A110_B01-0260,313_A110_B01,L313,2
313_A110_B01-0261,313_A110_B01,L313,5
313_A110_B01-0262,313_A110_B01,L313,3
313_A110_B01-0263,313_A110_B01,L313,3
313_A110_B01-0265,313_A110_B01,L313,4
313_A110_B01-0266,313_A110_B01,L313,1
313_A110_B01-0268,313_A110_B01,L313,1
313_A110_B01-0269,313_A110_B01,L313,4
313_A110_B01-0272,313_A110_B01,L313,1
313_A110_B01-0273,313_A110_B01,L313,5
313_A110_B01-0274,313_A110_B01,L313,1
313_A110_B01-0275,313_A110_B01,L313,1
313_A110_B01-0276,313_A110_B01,L313,4
313_A110_B01-0277,313_A110_B01,L313,3
313_A110_B01-0278,313_A110_B01,L313,1
313_A110_B01-0279,313_A110_B01,L313,5
313_A110_B01-0280,313_A110_B01,L313,3
313_A110_B01-0281,313_A110_B01,L313,2
313_A110_B01-0282,313_A110_B01,L313,2
313_A110_B01-0283,313_A110_B01,L313,5
313_A110_B01-0284,313_A110_B01,L313,5
313_A110_B01-0286,313_A110_B01,L313,2
313_A110_B01-0288,313_A110_B01,L313,4
313_A110_B01-0289,313_A110_B01,L313,5
313_A110_B01-0290,313_A110_B01,L313,3
313_A110_B01-0291,313_A110_B01,L313,1
313_A110_B01-0292,313_A110_B01,L313,2
313_A110_B01-0293,313_A110_B01,L313,2
313_A110_B01-0294,313_A110_B01,L313,5
313_A110_B01-0295,313_A110_B01,L313,3
313_A110_B01-0296,313_A110_B01,L313,5
313_A110_B01-0297,313_A110_B01,L313,3
313_A110_B01-0299,313_A110_B01,L313,3
313_A110_B01-0300,313_A110_B01,L313,3
313_A110_B01-0301,313_A110_B01,L313,5
313_A110_B01-0302,313_A110_B01,L313,4
313_A110_B01-0303,313_A110_B01,L313,2
313_A110_B01-0305,313_A110_B01,L313,3
313_A110_B01-0306,313_A110_B01,L313,5
313_A110_B01-0307,313_A110_B01,L313,2
313_A110_B01-0308,313_A110_B01,L313,1
313_A110_B01-0309,313_A110_B01,L313,5
313_A110_B01-0310,313_A110_B01,L313,2
313_A110_B01-0311,313_A110_B01,L313,3
313_A110_B01-0312,313_A110_B01,L313,2
313_A110_B01-0313,313_A110_B01,L313,2
313_A110_B01-0314,313_A110_B01,L313,1
313_A110_B01-0315,313_A110_B01,L313,4
313_A110_B01-0316,313_A110_B01,L313,2
313_A110_B01-0317,313_A110_B01,L313,5
313_A110_B01-0318,313_A110_B01,L313,4
313_A110_B01-0319,313_A110_B01,L313,3
313_A110_B01-0320,313_A110_B01,L313,1
313_A110_B01-0321,313_A110_B01,L313,1
313_A110_B01-0322,313_A110_B01,L313,5
313_A110_B01-0323,313_A110_B01,L313,1
313_A110_B01-0324,313_A110_B01,L313,4
313_A110_B01-0325,313_A110_B01,L313,3
313_A110_B01-0326,313_A110_B01,L313,1
313_A110_B01-0327,313_A110_B01,L313,4
313_A110_B01-0328,313_A110_B01,L313,2
313_A110_B01-0329,313_A110_B01,L313,4
313_A110_B01-0330,313_A110_B01,L313,3
313_A110_B01-0331,313_A110_B01,L313,5
313_A110_B01-0332,313_A110_B01,L313,4
313_A110_B01-0333,313_A110_B01,L313,1
313_A110_B01-0334,313_A110_B01,L313,3
313_A110_B01-0336,313_A110_B01,L313,3
313_A110_B01-0337,313_A110_B01,L313,2
313_A110_B01-0338,313_A110_B01,L313,5
313_A110_B01-0339,313_A110_B01,L313,2
313_A110_B01-0340,313_A110_B01,L313,1
313_A110_B01-0341,313_A110_B01,L313,2
313_A110_B01-0342,313_A110_B01,L313,4
313_A110_B01-0343,313_A110_B01,L313,5
313_A110_B01-0344,313_A110_B01,L313,1
313_A110_B01-0346,313_A110_B01,L313,2
313_A110_B01-0347,313_A110_B01,L313,1
313_A110_B01-0348,313_A110_B01,L313,5
313_A110_B01-0349,313_A110_B01,L313,4
313_A110_B01-0350,313_A110_B01,L313,1
A181_B01-0001,A181_B01,LA191,2
A181_B01-0002,A181_B01,LA191,3
A181_B01-0003,A181_B01,LA191,3
A181_B01-0004,A181_B01,LA191,1
A181_B01-0005,A181_B01,LA191,3
A181_B01-0006,A181_B01,LA191,2
A181_B01-0007,A181_B01,LA191,4
A181_B01-0008,A181_B01,LA191,1
A181_B01-0010,A181_B01,LA191,4
A181_B01-0011,A181_B01,LA191,3
A181_B01-0012,A181_B01,LA191,1
A181_B01-0013,A181_B01,LA191,3
A181_B01-0014,A181_B01,LA191,2
A181_B01-0015,A181_B01,LA191,1
A181_B01-0016,A181_B01,LA191,4
A181_B01-0018,A181_B01,LA191,2
A181_B01-0019,A181_B01,LA191,1
A181_B01-0020,A181_B01,LA191,4
A181_B01-0021,A181_B01,LA191,1
A181_B01-0022,A181_B01,LA191,1
A181_B01-0023,A181_B01,LA191,1
A181_B01-0024,A181_B01,LA191,1
A181_B01-0025,A181_B01,LA191,3
A181_B01-0026,A181_B01,LA191,4
A181_B01-0027,A181_B01,LA191,1
A181_B01-0028,A181_B01,LA191,1
A181_B01-0029,A181_B01,LA191,3
A181_B01-0031,A181_B01,LA191,3
A181_B01-0032,A181_B01,LA191,5
A181_B01-0033,A181_B01,LA191,1
A181_B01-0034,A181_B01,LA191,2
A181_B01-0035,A181_B01,LA191,5
A181_B01-0036,A181_B01,LA191,4
A181_B01-0037,A181_B01,LA191,5
A181_B01-0038,A181_B01,LA191,3
A181_B01-0039,A181_B01,LA191,5
A181_B01-0040,A181_B01,LA191,5
A181_B01-0041,A181_B01,LA191,3
A181_B01-0042,A181_B01,LA191,4
A181_B01-0043,A181_B01,LA191,3
A181_B01-0044,A181_B01,LA191,1
A181_B01-0045,A181_B01,LA191,2
A181_B01-0046,A181_B01,LA191,4
A181_B01-0047,A181_B01,LA191,1
A181_B01-0048,A181_B01,LA191,4
A181_B01-0049,A181_B01,LA191,1
A181_B01-0050,A181_B01,LA191,5
A181_B01-0051,A181_B01,LA191,1
A181_B01-0052,A181_B01,LA191,2
A181_B01-0053,A181_B01,LA191,3
A181_B01-0054,A181_B01,LA191,3
A181_B01-0055,A181_B01,LA191,2
A181_B01-0056,A181_B01,LA191,1
A181_B01-0057,A181_B01,LA191,4
A181_B01-0058,A181_B01,LA191,2
A181_B01-0059,A181_B01,LA191,3
A181_B01-0060,A181_B01,LA191,5
A181_B01-0061,A181_B01,LA191,5
A181_B01-0063,A181_B01,LA191,4
A181_B01-0065,A181_B01,LA191,5
A181_B01-0066,A181_B01,LA191,5
A181_B01-0067,A181_B01,LA191,4
A181_B01-0068,A181_B01,LA191,2
A181_B01-0069,A181_B01,LA191,4
A181_B01-0070,A181_B01,LA191,1
A181_B01-0071,A181_B01,LA191,5
A181_B01-0072,A181_B01,LA191,1
A181_B01-0073,A181_B01,LA191,3
A181_B01-0074,A181_B01,LA191,2
A181_B01-0075,A181_B01,LA191,2
A181_B01-0076,A181_B01,LA191,5
A181_B01-0077,A181_B01,LA191,5
A181_B01-0078,A181_B01,LA191,5
A181_B01-0080,A181_B01,LA191,4
A181_B01-0081,A181_B01,LA191,2
A181_B01-0083,A181_B01,LA191,1
A181_B01-0084,A181_B01,LA191,3
A181_B01-0085,A181_B01,LA191,5
A181_B01-0087,A181_B01,LA191,4
A181_B01-0088,A181_B01,LA191,3
A181_B01-0090,A181_B01,LA191,3
A181_B01-0091,A181_B01,LA191,5
A181_B01-0092,A181_B01,LA191,4
A181_B01-0093,A181_B01,LA191,5
A181_B01-0094,A181_B01,LA191,4
A181_B01-0095,A181_B01,LA191,2
A181_B01-0096,A181_B01,LA191,5
A181_B01-0097,A181_B01,LA191,1
A181_B01-0098,A181_B01,LA191,4
A181_B01-0099,A181_B01,LA191,3
A181_B01-0100,A181_B01,LA191,4
A181_B01-0101,A181_B01,LA191,4
A181_B01-0102,A181_B01,LA191,1
A181_B01-0103,A181_B01,LA191,5
A181_B01-0104,A181_B01,LA191,2
A181_B01-0105,A181_B01,LA191,5
A181_B01-0106,A181_B01,LA191,5
A181_B01-0107,A181_B01,LA191,3
A181_B01-0108,A181_B01,LA191,3
A181_B01-0109,A181_B01,LA191,3
A181_B01-0110,A181_B01,LA191,3
A181_B01-0111,A181_B01,LA191,1
A181_B01-0112,A181_B01,LA191,5
A181_B01-0113,A181_B01,LA191,4
A181_B01-0114,A181_B01,LA191,3
A181_B01-0115,A181_B01,LA191,4
A181_B01-0116,A181_B01,LA191,3
A181_B01-0117,A181_B01,LA191,1
A181_B01-0118,A181_B01,LA191,4
A181_B01-0119,A181_B01,LA191,2
A181_B01-0120,A181_B01,LA191,2
A181_B01-0121,A181_B01,LA191,2
A181_B01-0122,A181_B01,LA191,3
A181_B01-0123,A181_B01,LA191,5
A181_B01-0124,A181_B01,LA191,5
A181_B01-0125,A181_B01,LA191,3
A181_B01-0126,A181_B01,LA191,4
A181_B01-0127,A181_B01,LA191,1
A181_B01-0128,A181_B01,LA191,4
A181_B01-0129,A181_B01,LA191,3
A181_B01-0130,A181_B01,LA191,3
A181_B01-0131,A181_B01,LA191,1
A181_B01-0132,A181_B01,LA191,5
A181_B01-0133,A181_B01,LA191,4
A181_B01-0136,A181_B01,LA191,1
A181_B01-0137,A181_B01,LA191,2
A181_B01-0138,A181_B01,LA191,3
A181_B01-0139,A181_B01,LA191,4
A181_B01-0140,A181_B01,LA191,2
A181_B01-0141,A181_B01,LA191,5
A181_B01-0142,A181_B01,LA191,2
A181_B01-0143,A181_B01,LA191,2
A181_B01-0144,A181_B01,LA191,5
A181_B01-0145,A181_B01,LA191,1
A181_B01-0146,A181_B01,LA191,5
A181_B01-0147,A181_B01,LA191,2
A181_B01-0148,A181_B01,LA191,4
A181_B01-0149,A181_B01,LA191,1
A181_B01-0150,A181_B01,LA191,1
A181_B01-0151,A181_B01,LA191,1
A181_B01-0152,A181_B01,LA191,2
A181_B01-0153,A181_B01,LA191,5
A181_B01-0154,A181_B01,LA191,4
A181_B01-0155,A181_B01,LA191,1
A181_B01-0156,A181_B01,LA191,1
A181_B01-0157,A181_B01,LA191,5
A181_B01-0158,A181_B01,LA191,2
A181_B01-0161,A181_B01,LA191,5
A181_B01-0162,A181_B01,LA191,3
A181_B01-0163,A181_B01,LA191,2
A181_B01-0164,A181_B01,LA191,4
A181_B01-0165,A181_B01,LA191,3
A181_B01-0166,A181_B01,LA191,3
A181_B01-0168,A181_B01,LA191,4
A181_B01-0169,A181_B01,LA191,5
A181_B01-0172,A181_B01,LA191,2
A181_B01-0173,A181_B01,LA191,5
A181_B01-0174,A181_B01,LA191,3
A181_B01-0175,A181_B01,LA191,2
A181_B01-0176,A181_B01,LA191,1
A181_B01-0177,A181_B01,LA191,3
A181_B01-0179,A181_B01,LA191,4
A181_B01-0180,A181_B01,LA191,3
A181_B01-0182,A181_B01,LA191,4
A181_B01-0183,A181_B01,LA191,3
A181_B01-0184,A181_B01,LA191,4
A181_B01-0186,A181_B01,LA191,1
A181_B01-0187,A181_B01,LA191,5
A181_B01-0188,A181_B01,LA191,5
A181_B01-0189,A181_B01,LA191,1
A181_B01-0190,A181_B01,LA191,5
A181_B01-0191,A181_B01,LA191,1
A181_B01-0192,A181_B01,LA191,4
A181_B01-0194,A181_B01,LA191,2
A181_B01-0195,A181_B01,LA191,1
A181_B01-0196,A181_B01,LA191,4
A181_B01-0197,A181_B01,LA191,3
A181_B01-0199,A181_B01,LA191,3
A181_B01-0201,A181_B01,LA191,2
A181_B01-0202,A181_B01,LA191,5
A181_B01-0203,A181_B01,LA191,3
A181_B01-0204,A181_B01,LA191,1
A181_B01-0205,A181_B01,LA191,3
A181_B01-0206,A181_B01,LA191,1
A181_B01-0207,A181_B01,LA191,3
A181_B01-0208,A181_B01,LA191,4
A181_B01-0209,A181_B01,LA191,3
A181_B01-0210,A181_B01,LA191,2
A181_B01-0211,A181_B01,LA191,1
A181_B01-0212,A181_B01,LA191,4
A181_B01-0213,A181_B01,LA191,4
A181_B01-0214,A181_B01,LA191,4
A181_B01-0215,A181_B01,LA191,3
A181_B01-0217,A181_B01,LA191,2
A181_B01-0219,A181_B01,LA191,1
A181_B01-0220,A181_B01,LA191,3
A181_B01-0221,A181_B01,LA191,4
A181_B01-0222,A181_B01,LA191,1
A181_B01-0223,A181_B01,LA191,2
A181_B01-0224,A181_B01,LA191,5
A181_B01-0225,A181_B01,LA191,4
A181_B01-0226,A181_B01,LA191,2
A181_B01-0227,A181_B01,LA191,5
A181_B01-0228,A181_B01,LA191,2
A181_B01-0229,A181_B01,LA191,1
A181_B01-0230,A181_B01,LA191,3
A181_B01-0231,A181_B01,LA191,3
A181_B01-0232,A181_B01,LA191,4
A181_B01-0233,A181_B01,LA191,5
A181_B01-0234,A181_B01,LA191,1
A181_B01-0237,A181_B01,LA191,4
A181_B01-0238,A181_B01,LA191,3
A181_B01-0239,A181_B01,LA191,4
A181_B01-0240,A181_B01,LA191,2
A181_B01-0241,A181_B01,LA191,1
A181_B01-0242,A181_B01,LA191,5
A181_B01-0243,A181_B01,LA191,4
A181_B01-0244,A181_B01,LA191,2
A181_B01-0245,A181_B01,LA191,3
A181_B01-0246,A181_B01,LA191,2
A181_B01-0247,A181_B01,LA191,3
A181_B01-0248,A181_B01,LA191,4
A181_B01-0249,A181_B01,LA191,5
A181_B01-0250,A181_B01,LA191,2
A181_B01-0252,A181_B01,LA191,1
A181_B01-0253,A181_B01,LA191,2
A181_B01-0254,A181_B01,LA191,1
A181_B01-0255,A181_B01,LA191,5
A181_B01-0256,A181_B01,LA191,5
A181_B01-0257,A181_B01,LA191,1
A181_B01-0259,A181_B01,LA191,5
A181_B01-0260,A181_B01,LA191,3
A181_B01-0261,A181_B01,LA191,3
A181_B01-0262,A181_B01,LA191,3
A181_B01-0263,A181_B01,LA191,5
A181_B01-0264,A181_B01,LA191,1
A181_B01-0265,A181_B01,LA191,3
A181_B01-0266,A181_B01,LA191,1
A181_B01-0267,A181_B01,LA191,4
A181_B01-0268,A181_B01,LA191,5
A181_B01-0269,A181_B01,LA191,4
A181_B01-0270,A181_B01,LA191,4
A181_B01-0271,A181_B01,LA191,4
A181_B01-0272,A181_B01,LA191,1
A181_B01-0273,A181_B01,LA191,4
A181_B01-0275,A181_B01,LA191,4
A181_B01-0276,A181_B01,LA191,2
A181_B01-0277,A181_B01,LA191,2
A181_B01-0278,A181_B01,LA191,2
A181_B01-0279,A181_B01,LA191,2
A181_B01-0280,A181_B01,LA191,3
A181_B01-0281,A181_B01,LA191,2
A181_B01-0282,A181_B01,LA191,4
A181_B01-0283,A181_B01,LA191,1
A181_B01-0284,A181_B01,LA191,2
A181_B01-0286,A181_B01,LA191,4
A181_B01-0288,A181_B01,LA191,2
A181_B01-0290,A181_B01,LA191,3
A181_B01-0291,A181_B01,LA191,4
A181_B01-0292,A181_B01,LA191,5
A181_B01-0293,A181_B01,LA191,5
A181_B01-0294,A181_B01,LA191,4
A181_B01-0295,A181_B01,LA191,1
A181_B01-0296,A181_B01,LA191,2
A181_B01-0298,A181_B01,LA191,5
A181_B01-0300,A181_B01,LA191,5
A181_B01-0301,A181_B01,LA191,2
A181_B01-0302,A181_B01,LA191,3
A181_B01-0303,A181_B01,LA191,2
A181_B01-0304,A181_B01,LA191,2
A181_B01-0305,A181_B01,LA191,3
A181_B01-0306,A181_B01,LA191,3
A181_B01-0307,A181_B01,LA191,5
A181_B01-0308,A181_B01,LA191,3
A181_B01-0309,A181_B01,LA191,5
A181_B01-0310,A181_B01,LA191,1
A181_B01-0311,A181_B01,LA191,5
A181_B01-0312,A181_B01,LA191,2
A181_B01-0313,A181_B01,LA191,1
A181_B01-0314,A181_B01,LA191,2
A181_B01-0315,A181_B01,LA191,5
A181_B01-0316,A181_B01,LA191,5
A181_B01-0317,A181_B01,LA191,5
A181_B01-0319,A181_B01,LA191,3
A181_B01-0320,A181_B01,LA191,2
A181_B01-0321,A181_B01,LA191,1
A181_B01-0322,A181_B01,LA191,1
A181_B01-0323,A181_B01,LA191,2
A181_B01-0324,A181_B01,LA191,4
A181_B01-0325,A181_B01,LA191,2
A181_B01-0326,A181_B01,LA191,5
A181_B01-0327,A181_B01,LA191,5
A181_B01-0329,A181_B01,LA191,1
A181_B01-0330,A181_B01,LA191,3
A181_B01-0331,A181_B01,LA191,1
A181_B01-0332,A181_B01,LA191,4
A181_B01-0334,A181_B01,LA191,4
A181_B01-0335,A181_B01,LA191,5
A181_B01-0336,A181_B01,LA191,2
A181_B01-0337,A181_B01,LA191,4
A181_B01-0338,A181_B01,LA191,1
A181_B01-0340,A181_B01,LA191,5
A181_B01-0341,A181_B01,LA191,2
A181_B01-0342,A181_B01,LA191,5
A181_B01-0343,A181_B01,LA191,2
A181_B01-0344,A181_B01,LA191,4
A181_B01-0345,A181_B01,LA191,2
A181_B01-0346,A181_B01,LA191,2
A181_B01-0347,A181_B01,LA191,2
A181_B01-0349,A181_B01,LA191,1
CHL_A185_B01-0002,CHL_A185_B01,CHL,5
CHL_A185_B01-0003,CHL_A185_B01,CHL,5
CHL_A185_B01-0004,CHL_A185_B01,CHL,1
CHL_A185_B01-0005,CHL_A185_B01,CHL,1
CHL_A185_B01-0006,CHL_A185_B01,CHL,5
CHL_A185_B01-0007,CHL_A185_B01,CHL,2
CHL_A185_B01-0008,CHL_A185_B01,CHL,1
CHL_A185_B01-0009,CHL_A185_B01,CHL,2
CHL_A185_B01-0010,CHL_A185_B01,CHL,4
CHL_A185_B01-0011,CHL_A185_B01,CHL,4
CHL_A185_B01-0012,CHL_A185_B01,CHL,1
CHL_A185_B01-0014,CHL_A185_B01,CHL,5
CHL_A185_B01-0015,CHL_A185_B01,CHL,4
CHL_A185_B01-0016,CHL_A185_B01,CHL,3
CHL_A185_B01-0017,CHL_A185_B01,CHL,5
CHL_A185_B01-0018,CHL_A185_B01,CHL,1
CHL_A185_B01-0019,CHL_A185_B01,CHL,1
CHL_A185_B01-0020,CHL_A185_B01,CHL,2
CHL_A185_B01-0021,CHL_A185_B01,CHL,1
CHL_A185_B01-0022,CHL_A185_B01,CHL,4
CHL_A185_B01-0023,CHL_A185_B01,CHL,1
CHL_A185_B01-0024,CHL_A185_B01,CHL,2
CHL_A185_B01-0025,CHL_A185_B01,CHL,1
CHL_A185_B01-0027,CHL_A185_B01,CHL,3
CHL_A185_B01-0028,CHL_A185_B01,CHL,4
CHL_A185_B01-0029,CHL_A185_B01,CHL,5
CHL_A185_B01-0031,CHL_A185_B01,CHL,3
CHL_A185_B01-0032,CHL_A185_B01,CHL,5
CHL_A185_B01-0033,CHL_A185_B01,CHL,4
CHL_A185_B01-0034,CHL_A185_B01,CHL,2
CHL_A185_B01-0035,CHL_A185_B01,CHL,5
CHL_A185_B01-0036,CHL_A185_B01,CHL,1
CHL_A185_B01-0037,CHL_A185_B01,CHL,5
CHL_A185_B01-0038,CHL_A185_B01,CHL,1
CHL_A185_B01-0039,CHL_A185_B01,CHL,1
CHL_A185_B01-0040,CHL_A185_B01,CHL,2
CHL_A185_B01-0041,CHL_A185_B01,CHL,5
CHL_A185_B01-0042,CHL_A185_B01,CHL,1
CHL_A185_B01-0043,CHL_A185_B01,CHL,4
CHL_A185_B01-0044,CHL_A185_B01,CHL,5
CHL_A185_B01-0045,CHL_A185_B01,CHL,5
CHL_A185_B01-0046,CHL_A185_B01,CHL,2
CHL_A185_B01-0047,CHL_A185_B01,CHL,3
CHL_A185_B01-0049,CHL_A185_B01,CHL,2
CHL_A185_B01-0050,CHL_A185_B01,CHL,2
CHL_A185_B01-0051,CHL_A185_B01,CHL,4
CHL_A185_B01-0052,CHL_A185_B01,CHL,5
CHL_A185_B01-0055,CHL_A185_B01,CHL,5
CHL_A185_B01-0056,CHL_A185_B01,CHL,4
CHL_A185_B01-0057,CHL_A185_B01,CHL,5
CHL_A185_B01-0059,CHL_A185_B01,CHL,2
CHL_A185_B01-0061,CHL_A185_B01,CHL,5
CHL_A185_B01-0062,CHL_A185_B01,CHL,2
CHL_A185_B01-0063,CHL_A185_B01,CHL,1
CHL_A185_B01-0064,CHL_A185_B01,CHL,5
CHL_A185_B01-0065,CHL_A185_B01,CHL,5
CHL_A185_B01-0066,CHL_A185_B01,CHL,1
CHL_A185_B01-0067,CHL_A185_B01,CHL,3
CHL_A185_B01-0068,CHL_A185_B01,CHL,3
CHL_A185_B01-0069,CHL_A185_B01,CHL,1
CHL_A185_B01-0070,CHL_A185_B01,CHL,1
CHL_A185_B01-0071,CHL_A185_B01,CHL,1
CHL_A185_B01-0073,CHL_A185_B01,CHL,1
CHL_A185_B01-0074,CHL_A185_B01,CHL,1
CHL_A185_B01-0075,CHL_A185_B01,CHL,3
CHL_A185_B01-0076,CHL_A185_B01,CHL,3
CHL_A185_B01-0077,CHL_A185_B01,CHL,2
CHL_A185_B01-0078,CHL_A185_B01,CHL,2
CHL_A185_B01-0079,CHL_A185_B01,CHL,1
CHL_A185_B01-0080,CHL_A185_B01,CHL,1
CHL_A185_B01-0081,CHL_A185_B01,CHL,2
CHL_A185_B01-0082,CHL_A185_B01,CHL,3
CHL_A185_B01-0083,CHL_A185_B01,CHL,4
CHL_A185_B01-0084,CHL_A185_B01,CHL,4
CHL_A185_B01-0085,CHL_A185_B01,CHL,5
CHL_A185_B01-0086,CHL_A185_B01,CHL,1
CHL_A185_B01-0087,CHL_A185_B01,CHL,3
CHL_A185_B01-0089,CHL_A185_B01,CHL,3
CHL_A185_B01-0090,CHL_A185_B01,CHL,4
CHL_A185_B01-0091,CHL_A185_B01,CHL,5
CHL_A185_B01-0092,CHL_A185_B01,CHL,4
CHL_A185_B01-0094,CHL_A185_B01,CHL,5
CHL_A185_B01-0095,CHL_A185_B01,CHL,5
CHL_A185_B01-0097,CHL_A185_B01,CHL,2
CHL_A185_B01-0098,CHL_A185_B01,CHL,5
CHL_A185_B01-0099,CHL_A185_B01,CHL,1
CHL_A185_B01-0100,CHL_A185_B01,CHL,3
CHL_A185_B01-0101,CHL_A185_B01,CHL,4
CHL_A185_B01-0102,CHL_A185_B01,CHL,2
CHL_A185_B01-0103,CHL_A185_B01,CHL,4
CHL_A185_B01-0104,CHL_A185_B01,CHL,5
CHL_A185_B01-0105,CHL_A185_B01,CHL,2
CHL_A185_B01-0106,CHL_A185_B01,CHL,2
CHL_A185_B01-0107,CHL_A185_B01,CHL,5
CHL_A185_B01-0108,CHL_A185_B01,CHL,5
CHL_A185_B01-0109,CHL_A185_B01,CHL,1
CHL_A185_B01-0110,CHL_A185_B01,CHL,4
CHL_A185_B01-0111,CHL_A185_B01,CHL,1
CHL_A185_B01-0112,CHL_A185_B01,CHL,1
CHL_A185_B01-0113,CHL_A185_B01,CHL,1
CHL_A185_B01-0114,CHL_A185_B01,CHL,5
CHL_A185_B01-0115,CHL_A185_B01,CHL,1
CHL_A185_B01-0116,CHL_A185_B01,CHL,3
CHL_A185_B01-0117,CHL_A185_B01,CHL,5
CHL_A185_B01-0118,CHL_A185_B01,CHL,2
CHL_A185_B01-0119,CHL_A185_B01,CHL,5
CHL_A185_B01-0120,CHL_A185_B01,CHL,3
CHL_A185_B01-0122,CHL_A185_B01,CHL,1
CHL_A185_B01-0123,CHL_A185_B01,CHL,4
CHL_A185_B01-0124,CHL_A185_B01,CHL,4
CHL_A185_B01-0126,CHL_A185_B01,CHL,3
CHL_A185_B01-0127,CHL_A185_B01,CHL,4
CHL_A185_B01-0128,CHL_A185_B01,CHL,5
CHL_A185_B01-0129,CHL_A185_B01,CHL,2
CHL_A185_B01-0130,CHL_A185_B01,CHL,3
CHL_A185_B01-0131,CHL_A185_B01,CHL,3
CHL_A185_B01-0132,CHL_A185_B01,CHL,2
CHL_A185_B01-0133,CHL_A185_B01,CHL,3
CHL_A185_B01-0134,CHL_A185_B01,CHL,5
CHL_A185_B01-0135,CHL_A185_B01,CHL,2
CHL_A185_B01-0136,CHL_A185_B01,CHL,1
CHL_A185_B01-0137,CHL_A185_B01,CHL,1
CHL_A185_B01-0138,CHL_A185_B01,CHL,2
CHL_A185_B01-0139,CHL_A185_B01,CHL,2
CHL_A185_B01-0140,CHL_A185_B01,CHL,4
CHL_A185_B01-0141,CHL_A185_B01,CHL,4
CHL_A185_B01-0142,CHL_A185_B01,CHL,5
CHL_A185_B01-0145,CHL_A185_B01,CHL,2
CHL_A185_B01-0146,CHL_A185_B01,CHL,4
CHL_A185_B01-0147,CHL_A185_B01,CHL,2
CHL_A185_B01-0148,CHL_A185_B01,CHL,1
CHL_A185_B01-0149,CHL_A185_B01,CHL,1
CHL_A185_B01-0150,CHL_A185_B01,CHL,2
CHL_A185_B01-0151,CHL_A185_B01,CHL,2
CHL_A185_B01-0153,CHL_A185_B01,CHL,3
CHL_A185_B01-0154,CHL_A185_B01,CHL,5
CHL_A185_B01-0155,CHL_A185_B01,CHL,1
CHL_A185_B01-0156,CHL_A185_B01,CHL,5
CHL_A185_B01-0158,CHL_A185_B01,CHL,3
CHL_A185_B01-0159,CHL_A185_B01,CHL,3
CHL_A185_B01-0160,CHL_A185_B01,CHL,4
CHL_A185_B01-0161,CHL_A185_B01,CHL,4
CHL_A185_B01-0162,CHL_A185_B01,CHL,5
CHL_A185_B01-0163,CHL_A185_B01,CHL,3
CHL_A185_B01-0164,CHL_A185_B01,CHL,1
CHL_A185_B01-0165,CHL_A185_B01,CHL,2
CHL_A185_B01-0166,CHL_A185_B01,CHL,5
CHL_A185_B01-0167,CHL_A185_B01,CHL,5
CHL_A185_B01-0168,CHL_A185_B01,CHL,2
CHL_A185_B01-0169,CHL_A185_B01,CHL,5
CHL_A185_B01-0170,CHL_A185_B01,CHL,1
CHL_A185_B01-0172,CHL_A185_B01,CHL,4
CHL_A185_B01-0174,CHL_A185_B01,CHL,1
CHL_A185_B01-0175,CHL_A185_B01,CHL,2
CHL_A185_B01-0176,CHL_A185_B01,CHL,2
CHL_A185_B01-0177,CHL_A185_B01,CHL,5
CHL_A185_B01-0178,CHL_A185_B01,CHL,4
CHL_A185_B01-0179,CHL_A185_B01,CHL,3
CHL_A185_B01-0180,CHL_A185_B01,CHL,2
CHL_A185_B01-0181,CHL_A185_B01,CHL,3
CHL_A185_B01-0183,CHL_A185_B01,CHL,4
CHL_A185_B01-0188,CHL_A185_B01,CHL,4
CHL_A185_B01-0189,CHL_A185_B01,CHL,2
CHL_A185_B01-0190,CHL_A185_B01,CHL,5
CHL_A185_B01-0191,CHL_A185_B01,CHL,1
CHL_A185_B01-0194,CHL_A185_B01,CHL,5
CHL_A185_B01-0196,CHL_A185_B01,CHL,3
CHL_A185_B01-0197,CHL_A185_B01,CHL,2
CHL_A185_B01-0198,CHL_A185_B01,CHL,3
CHL_A185_B01-0199,CHL_A185_B01,CHL,4
CHL_A185_B01-0203,CHL_A185_B01,CHL,5
CHL_A185_B01-0204,CHL_A185_B01,CHL,5
CHL_A185_B01-0205,CHL_A185_B01,CHL,2
CHL_A185_B01-0206,CHL_A185_B01,CHL,3
CHL_A185_B01-0209,CHL_A185_B01,CHL,2
CHL_A185_B01-0213,CHL_A185_B01,CHL,4
CHL_A185_B01-0214,CHL_A185_B01,CHL,4
CHL_A185_B01-0215,CHL_A185_B01,CHL,4
CHL_A185_B01-0218,CHL_A185_B01,CHL,5
CHL_A185_B01-0219,CHL_A185_B01,CHL,2
CHL_A185_B01-0220,CHL_A185_B01,CHL,4
CHL_A185_B01-0221,CHL_A185_B01,CHL,1
CHL_A185_B01-0222,CHL_A185_B01,CHL,5
CHL_A185_B01-0227,CHL_A185_B01,CHL,4
CHL_A185_B01-0230,CHL_A185_B01,CHL,3
CHL_A185_B01-0231,CHL_A185_B01,CHL,3
CHL_A185_B01-0232,CHL_A185_B01,CHL,3
CHL_A185_B01-0233,CHL_A185_B01,CHL,3
CHL_A185_B01-0234,CHL_A185_B01,CHL,4
CHL_A185_B01-0236,CHL_A185_B01,CHL,4
CHL_A185_B01-0238,CHL_A185_B01,CHL,4
CHL_A185_B01-0240,CHL_A185_B01,CHL,5
CHL_A185_B01-0241,CHL_A185_B01,CHL,3
CHL_A185_B01-0242,CHL_A185_B01,CHL,2
CHL_A185_B01-0243,CHL_A185_B01,CHL,2
CHL_A185_B01-0244,CHL_A185_B01,CHL,1
CHL_A185_B01-0245,CHL_A185_B01,CHL,3
CHL_A185_B01-0246,CHL_A185_B01,CHL,4
CHL_A185_B01-0247,CHL_A185_B01,CHL,4
CHL_A185_B01-0248,CHL_A185_B01,CHL,1
CHL_A185_B01-0249,CHL_A185_B01,CHL,4
CHL_A185_B01-0250,CHL_A185_B01,CHL,2
CHL_A185_B01-0251,CHL_A185_B01,CHL,4
CHL_A185_B01-0252,CHL_A185_B01,CHL,4
CHL_A185_B01-0255,CHL_A185_B01,CHL,3
CHL_A185_B01-0256,CHL_A185_B01,CHL,4
CHL_A185_B01-0257,CHL_A185_B01,CHL,2
CHL_A185_B01-0258,CHL_A185_B01,CHL,3
CHL_A185_B01-0259,CHL_A185_B01,CHL,3
CHL_A185_B01-0260,CHL_A185_B01,CHL,4
CHL_A185_B01-0261,CHL_A185_B01,CHL,5
CHL_A185_B01-0262,CHL_A185_B01,CHL,3
CHL_A185_B01-0263,CHL_A185_B01,CHL,5
CHL_A185_B01-0265,CHL_A185_B01,CHL,3
CHL_A185_B01-0266,CHL_A185_B01,CHL,3
CHL_A185_B01-0267,CHL_A185_B01,CHL,4
CHL_A185_B01-0268,CHL_A185_B01,CHL,5
CHL_A185_B01-0269,CHL_A185_B01,CHL,1
CHL_A185_B01-0270,CHL_A185_B01,CHL,2
CHL_A185_B01-0271,CHL_A185_B01,CHL,3
CHL_A185_B01-0272,CHL_A185_B01,CHL,1
CHL_A185_B01-0273,CHL_A185_B01,CHL,1
CHL_A185_B01-0274,CHL_A185_B01,CHL,5
CHL_A185_B01-0275,CHL_A185_B01,CHL,5
CHL_A185_B01-0276,CHL_A185_B01,CHL,2
CHL_A185_B01-0277,CHL_A185_B01,CHL,1
CHL_A185_B01-0278,CHL_A185_B01,CHL,4
CHL_A185_B01-0280,CHL_A185_B01,CHL,5
CHL_A185_B01-0281,CHL_A185_B01,CHL,5
CHL_A185_B01-0282,CHL_A185_B01,CHL,5
CHL_A185_B01-0284,CHL_A185_B01,CHL,3
CHL_A185_B01-0286,CHL_A185_B01,CHL,3
CHL_A185_B01-0287,CHL_A185_B01,CHL,1
CHL_A185_B01-0288,CHL_A185_B01,CHL,2
CHL_A185_B01-0289,CHL_A185_B01,CHL,1
CHL_A185_B01-0290,CHL_A185_B01,CHL,4
CHL_A185_B01-0291,CHL_A185_B01,CHL,4
CHL_A185_B01-0293,CHL_A185_B01,CHL,3
CHL_A185_B01-0294,CHL_A185_B01,CHL,2
CHL_A185_B01-0295,CHL_A185_B01,CHL,1
CHL_A185_B01-0296,CHL_A185_B01,CHL,4
CHL_A185_B01-0297,CHL_A185_B01,CHL,2
CHL_A185_B01-0298,CHL_A185_B01,CHL,4
CHL_A185_B01-0299,CHL_A185_B01,CHL,2
CHL_A185_B01-0300,CHL_A185_B01,CHL,5
CHL_A185_B01-0301,CHL_A185_B01,CHL,2
CHL_A185_B01-0302,CHL_A185_B01,CHL,3
CHL_A185_B01-0303,CHL_A185_B01,CHL,1
CHL_A185_B01-0304,CHL_A185_B01,CHL,4
CHL_A185_B01-0305,CHL_A185_B01,CHL,2
CHL_A185_B01-0306,CHL_A185_B01,CHL,4
CHL_A185_B01-0307,CHL_A185_B01,CHL,2
CHL_A185_B01-0308,CHL_A185_B01,CHL,1
CHL_A185_B01-0309,CHL_A185_B01,CHL,1
CHL_A185_B01-0310,CHL_A185_B01,CHL,2
CHL_A185_B01-0311,CHL_A185_B01,CHL,4
CHL_A185_B01-0312,CHL_A185_B01,CHL,4
CHL_A185_B01-0313,CHL_A185_B01,CHL,2
CHL_A185_B01-0314,CHL_A185_B01,CHL,2
CHL_A185_B01-0315,CHL_A185_B01,CHL,5
CHL_A185_B01-0316,CHL_A185_B01,CHL,4
CHL_A185_B01-0317,CHL_A185_B01,CHL,1
CHL_A185_B01-0318,CHL_A185_B01,CHL,2
CHL_A185_B01-0319,CHL_A185_B01,CHL,1
CHL_A185_B01-0320,CHL_A185_B01,CHL,4
CHL_A185_B01-0321,CHL_A185_B01,CHL,5
CHL_A185_B01-0322,CHL_A185_B01,CHL,1
CHL_A185_B01-0323,CHL_A185_B01,CHL,1
CHL_A185_B01-0324,CHL_A185_B01,CHL,3
CHL_A185_B01-0325,CHL_A185_B01,CHL,3
CHL_A185_B01-0326,CHL_A185_B01,CHL,3
CHL_A185_B01-0327,CHL_A185_B01,CHL,5
CHL_A185_B01-0328,CHL_A185_B01,CHL,3
CHL_A185_B01-0329,CHL_A185_B01,CHL,5
CHL_A185_B01-0330,CHL_A185_B01,CHL,1
CHL_A185_B01-0331,CHL_A185_B01,CHL,3
CHL_A185_B01-0332,CHL_A185_B01,CHL,3
CHL_A185_B01-0333,CHL_A185_B01,CHL,1
CHL_A185_B01-0334,CHL_A185_B01,CHL,4
CHL_A185_B01-0335,CHL_A185_B01,CHL,2
CHL_A185_B01-0336,CHL_A185_B01,CHL,3
CHL_A185_B01-0337,CHL_A185_B01,CHL,2
CHL_A185_B01-0338,CHL_A185_B01,CHL,3
CHL_A185_B01-0339,CHL_A185_B01,CHL,3
CHL_A185_B01-0340,CHL_A185_B01,CHL,3
CHL_A185_B01-0341,CHL_A185_B01,CHL,3
CHL_A185_B01-0342,CHL_A185_B01,CHL,1
CHL_A185_B01-0343,CHL_A185_B01,CHL,3
CHL_A185_B01-0344,CHL_A185_B01,CHL,2
CHL_A185_B01-0345,CHL_A185_B01,CHL,4
CHL_A185_B01-0346,CHL_A185_B01,CHL,3
CHL_A185_B01-0347,CHL_A185_B01,CHL,3
CHL_A185_B01-0348,CHL_A185_B01,CHL,4
CHL_A185_B01-0349,CHL_A185_B01,CHL,3
CHL_A185_B01-0350,CHL_A185_B01,CHL,2
FRL_B01-0001,FRL_B01,FRL,3
FRL_B01-0002,FRL_B01,FRL,2
FRL_B01-0003,FRL_B01,FRL,5
FRL_B01-0004,FRL_B01,FRL,1
FRL_B01-0005,FRL_B01,FRL,2
FRL_B01-0006,FRL_B01,FRL,2
FRL_B01-0007,FRL_B01,FRL,3
FRL_B01-0009,FRL_B01,FRL,4
FRL_B01-0010,FRL_B01,FRL,2
FRL_B01-0011,FRL_B01,FRL,5
FRL_B01-0012,FRL_B01,FRL,1
FRL_B01-0013,FRL_B01,FRL,3
FRL_B01-0014,FRL_B01,FRL,1
FRL_B01-0015,FRL_B01,FRL,5
FRL_B01-0016,FRL_B01,FRL,1
FRL_B01-0017,FRL_B01,FRL,4
FRL_B01-0018,FRL_B01,FRL,3
FRL_B01-0019,FRL_B01,FRL,5
FRL_B01-0020,FRL_B01,FRL,1
FRL_B01-0021,FRL_B01,FRL,3
FRL_B01-0022,FRL_B01,FRL,5
FRL_B01-0023,FRL_B01,FRL,3
FRL_B01-0024,FRL_B01,FRL,5
FRL_B01-0025,FRL_B01,FRL,4
FRL_B01-0026,FRL_B01,FRL,1
FRL_B01-0027,FRL_B01,FRL,4
FRL_B01-0028,FRL_B01,FRL,5
FRL_B01-0030,FRL_B01,FRL,4
FRL_B01-0031,FRL_B01,FRL,3
FRL_B01-0032,FRL_B01,FRL,2
FRL_B01-0033,FRL_B01,FRL,5
FRL_B01-0034,FRL_B01,FRL,4
FRL_B01-0035,FRL_B01,FRL,3
FRL_B01-0036,FRL_B01,FRL,2
FRL_B01-0037,FRL_B01,FRL,1
FRL_B01-0038,FRL_B01,FRL,1
FRL_B01-0039,FRL_B01,FRL,3
FRL_B01-0040,FRL_B01,FRL,4
FRL_B01-0041,FRL_B01,FRL,2
FRL_B01-0042,FRL_B01,FRL,4
FRL_B01-0043,FRL_B01,FRL,1
FRL_B01-0044,FRL_B01,FRL,3
FRL_B01-0045,FRL_B01,FRL,1
FRL_B01-0046,FRL_B01,FRL,3
FRL_B01-0047,FRL_B01,FRL,2
FRL_B01-0048,FRL_B01,FRL,5
FRL_B01-0049,FRL_B01,FRL,3
FRL_B01-0051,FRL_B01,FRL,2
FRL_B01-0052,FRL_B01,FRL,3
FRL_B01-0053,FRL_B01,FRL,1
FRL_B01-0054,FRL_B01,FRL,3
FRL_B01-0055,FRL_B01,FRL,4
FRL_B01-0057,FRL_B01,FRL,5
FRL_B01-0058,FRL_B01,FRL,5
FRL_B01-0059,FRL_B01,FRL,3
FRL_B01-0060,FRL_B01,FRL,2
FRL_B01-0061,FRL_B01,FRL,1
FRL_B01-0064,FRL_B01,FRL,1
FRL_B01-0065,FRL_B01,FRL,5
FRL_B01-0066,FRL_B01,FRL,3
FRL_B01-0067,FRL_B01,FRL,4
FRL_B01-0068,FRL_B01,FRL,4
FRL_B01-0069,FRL_B01,FRL,3
FRL_B01-0070,FRL_B01,FRL,3
FRL_B01-0071,FRL_B01,FRL,2
FRL_B01-0072,FRL_B01,FRL,2
FRL_B01-0073,FRL_B01,FRL,4
FRL_B01-0074,FRL_B01,FRL,5
FRL_B01-0075,FRL_B01,FRL,1
FRL_B01-0076,FRL_B01,FRL,5
FRL_B01-0077,FRL_B01,FRL,2
FRL_B01-0078,FRL_B01,FRL,3
FRL_B01-0079,FRL_B01,FRL,3
FRL_B01-0080,FRL_B01,FRL,3
FRL_B01-0081,FRL_B01,FRL,4
FRL_B01-0082,FRL_B01,FRL,2
FRL_B01-0084,FRL_B01,FRL,5
FRL_B01-0085,FRL_B01,FRL,5
FRL_B01-0086,FRL_B01,FRL,3
FRL_B01-0087,FRL_B01,FRL,2
FRL_B01-0088,FRL_B01,FRL,4
FRL_B01-0089,FRL_B01,FRL,3
FRL_B01-0090,FRL_B01,FRL,3
FRL_B01-0091,FRL_B01,FRL,5
FRL_B01-0092,FRL_B01,FRL,4
FRL_B01-0096,FRL_B01,FRL,1
FRL_B01-0097,FRL_B01,FRL,3
FRL_B01-0098,FRL_B01,FRL,2
FRL_B01-0100,FRL_B01,FRL,4
FRL_B01-0101,FRL_B01,FRL,4
FRL_B01-0103,FRL_B01,FRL,5
FRL_B01-0104,FRL_B01,FRL,1
FRL_B01-0105,FRL_B01,FRL,5
FRL_B01-0106,FRL_B01,FRL,2
FRL_B01-0107,FRL_B01,FRL,4
FRL_B01-0109,FRL_B01,FRL,1
FRL_B01-0110,FRL_B01,FRL,5
FRL_B01-0111,FRL_B01,FRL,1
FRL_B01-0112,FRL_B01,FRL,3
FRL_B01-0113,FRL_B01,FRL,3
FRL_B01-0114,FRL_B01,FRL,5
FRL_B01-0115,FRL_B01,FRL,2
FRL_B01-0116,FRL_B01,FRL,2
FRL_B01-0117,FRL_B01,FRL,2
FRL_B01-0118,FRL_B01,FRL,4
FRL_B01-0125,FRL_B01,FRL,4
FRL_B01-0126,FRL_B01,FRL,4
FRL_B01-0127,FRL_B01,FRL,4
FRL_B01-0128,FRL_B01,FRL,5
FRL_B01-0129,FRL_B01,FRL,4
FRL_B01-0130,FRL_B01,FRL,2
FRL_B01-0132,FRL_B01,FRL,4
FRL_B01-0133,FRL_B01,FRL,4
FRL_B01-0134,FRL_B01,FRL,2
FRL_B01-0135,FRL_B01,FRL,1
FRL_B01-0136,FRL_B01,FRL,4
FRL_B01-0137,FRL_B01,FRL,3
FRL_B01-0138,FRL_B01,FRL,1
FRL_B01-0139,FRL_B01,FRL,2
FRL_B01-0140,FRL_B01,FRL,4
FRL_B01-0141,FRL_B01,FRL,4
FRL_B01-0142,FRL_B01,FRL,1
FRL_B01-0143,FRL_B01,FRL,2
FRL_B01-0144,FRL_B01,FRL,1
FRL_B01-0145,FRL_B01,FRL,4
FRL_B01-0146,FRL_B01,FRL,4
FRL_B01-0147,FRL_B01,FRL,4
FRL_B01-0148,FRL_B01,FRL,1
FRL_B01-0149,FRL_B01,FRL,3
FRL_B01-0150,FRL_B01,FRL,3
FRL_B01-0151,FRL_B01,FRL,4
FRL_B01-0152,FRL_B01,FRL,2
FRL_B01-0153,FRL_B01,FRL,4
FRL_B01-0154,FRL_B01,FRL,3
FRL_B01-0155,FRL_B01,FRL,4
FRL_B01-0156,FRL_B01,FRL,1
FRL_B01-0157,FRL_B01,FRL,2
FRL_B01-0158,FRL_B01,FRL,1
FRL_B01-0159,FRL_B01,FRL,5
FRL_B01-0160,FRL_B01,FRL,5
FRL_B01-0161,FRL_B01,FRL,1
FRL_B01-0162,FRL_B01,FRL,5
FRL_B01-0163,FRL_B01,FRL,5
FRL_B01-0164,FRL_B01,FRL,3
FRL_B01-0165,FRL_B01,FRL,5
FRL_B01-0166,FRL_B01,FRL,4
FRL_B01-0167,FRL_B01,FRL,2
FRL_B01-0168,FRL_B01,FRL,3
FRL_B01-0169,FRL_B01,FRL,3
FRL_B01-0170,FRL_B01,FRL,3
FRL_B01-0171,FRL_B01,FRL,3
FRL_B01-0173,FRL_B01,FRL,5
FRL_B01-0174,FRL_B01,FRL,3
FRL_B01-0176,FRL_B01,FRL,3
FRL_B01-0177,FRL_B01,FRL,4
FRL_B01-0178,FRL_B01,FRL,2
FRL_B01-0179,FRL_B01,FRL,4
FRL_B01-0180,FRL_B01,FRL,5
FRL_B01-0181,FRL_B01,FRL,3
FRL_B01-0182,FRL_B01,FRL,2
FRL_B01-0183,FRL_B01,FRL,5
FRL_B01-0184,FRL_B01,FRL,3
FRL_B01-0185,FRL_B01,FRL,3
FRL_B01-0186,FRL_B01,FRL,2
FRL_B01-0187,FRL_B01,FRL,4
FRL_B01-0188,FRL_B01,FRL,1
FRL_B01-0189,FRL_B01,FRL,1
FRL_B01-0190,FRL_B01,FRL,5
FRL_B01-0191,FRL_B01,FRL,5
FRL_B01-0192,FRL_B01,FRL,5
FRL_B01-0193,FRL_B01,FRL,1
FRL_B01-0194,FRL_B01,FRL,4
FRL_B01-0195,FRL_B01,FRL,5
FRL_B01-0196,FRL_B01,FRL,3
FRL_B01-0197,FRL_B01,FRL,2
FRL_B01-0198,FRL_B01,FRL,2
FRL_B01-0199,FRL_B01,FRL,2
FRL_B01-0201,FRL_B01,FRL,2
FRL_B01-0202,FRL_B01,FRL,4
FRL_B01-0203,FRL_B01,FRL,3
FRL_B01-0204,FRL_B01,FRL,5
FRL_B01-0205,FRL_B01,FRL,4
FRL_B01-0206,FRL_B01,FRL,1
FRL_B01-0207,FRL_B01,FRL,1
FRL_B01-0208,FRL_B01,FRL,3
FRL_B01-0209,FRL_B01,FRL,2
FRL_B01-0210,FRL_B01,FRL,1
FRL_B01-0211,FRL_B01,FRL,5
FRL_B01-0212,FRL_B01,FRL,1
FRL_B01-0213,FRL_B01,FRL,5
FRL_B01-0214,FRL_B01,FRL,3
FRL_B01-0215,FRL_B01,FRL,4
FRL_B01-0216,FRL_B01,FRL,2
FRL_B01-0217,FRL_B01,FRL,3
FRL_B01-0219,FRL_B01,FRL,5
FRL_B01-0220,FRL_B01,FRL,1
FRL_B01-0221,FRL_B01,FRL,1
FRL_B01-0222,FRL_B01,FRL,1
FRL_B01-0223,FRL_B01,FRL,5
FRL_B01-0224,FRL_B01,FRL,3
FRL_B01-0225,FRL_B01,FRL,4
FRL_B01-0226,FRL_B01,FRL,4
FRL_B01-0227,FRL_B01,FRL,2
FRL_B01-0228,FRL_B01,FRL,1
FRL_B01-0229,FRL_B01,FRL,2
FRL_B01-0230,FRL_B01,FRL,5
FRL_B01-0231,FRL_B01,FRL,2
FRL_B01-0232,FRL_B01,FRL,2
FRL_B01-0233,FRL_B01,FRL,3
FRL_B01-0235,FRL_B01,FRL,1
FRL_B01-0236,FRL_B01,FRL,1
FRL_B01-0240,FRL_B01,FRL,1
FRL_B01-0241,FRL_B01,FRL,4
FRL_B01-0242,FRL_B01,FRL,5
FRL_B01-0243,FRL_B01,FRL,4
FRL_B01-0245,FRL_B01,FRL,4
FRL_B01-0247,FRL_B01,FRL,5
FRL_B01-0248,FRL_B01,FRL,2
FRL_B01-0249,FRL_B01,FRL,3
FRL_B01-0251,FRL_B01,FRL,2
FRL_B01-0252,FRL_B01,FRL,5
FRL_B01-0253,FRL_B01,FRL,1
FRL_B01-0254,FRL_B01,FRL,1
FRL_B01-0255,FRL_B01,FRL,1
FRL_B01-0256,FRL_B01,FRL,4
FRL_B01-0258,FRL_B01,FRL,5
FRL_B01-0259,FRL_B01,FRL,2
FRL_B01-0260,FRL_B01,FRL,5
FRL_B01-0261,FRL_B01,FRL,2
FRL_B01-0262,FRL_B01,FRL,3
FRL_B01-0263,FRL_B01,FRL,2
FRL_B01-0264,FRL_B01,FRL,5
FRL_B01-0265,FRL_B01,FRL,4
FRL_B01-0266,FRL_B01,FRL,3
FRL_B01-0268,FRL_B01,FRL,1
FRL_B01-0269,FRL_B01,FRL,1
FRL_B01-0270,FRL_B01,FRL,5
FRL_B01-0271,FRL_B01,FRL,3
FRL_B01-0273,FRL_B01,FRL,2
FRL_B01-0274,FRL_B01,FRL,5
FRL_B01-0275,FRL_B01,FRL,5
FRL_B01-0276,FRL_B01,FRL,4
FRL_B01-0278,FRL_B01,FRL,4
FRL_B01-0279,FRL_B01,FRL,4
FRL_B01-0280,FRL_B01,FRL,1
FRL_B01-0281,FRL_B01,FRL,2
FRL_B01-0282,FRL_B01,FRL,1
FRL_B01-0283,FRL_B01,FRL,1
FRL_B01-0284,FRL_B01,FRL,4
FRL_B01-0285,FRL_B01,FRL,1
FRL_B01-0286,FRL_B01,FRL,3
FRL_B01-0287,FRL_B01,FRL,5
FRL_B01-0288,FRL_B01,FRL,1
FRL_B01-0289,FRL_B01,FRL,1
FRL_B01-0290,FRL_B01,FRL,5
FRL_B01-0291,FRL_B01,FRL,2
FRL_B01-0292,FRL_B01,FRL,2
FRL_B01-0293,FRL_B01,FRL,2
FRL_B01-0294,FRL_B01,FRL,1
FRL_B01-0295,FRL_B01,FRL,5
FRL_B01-0296,FRL_B01,FRL,4
FRL_B01-0297,FRL_B01,FRL,2
FRL_B01-0298,FRL_B01,FRL,4
FRL_B01-0299,FRL_B01,FRL,2
FRL_B01-0300,FRL_B01,FRL,1
FRL_B01-0301,FRL_B01,FRL,2
FRL_B01-0302,FRL_B01,FRL,5
FRL_B01-0304,FRL_B01,FRL,3
FRL_B01-0305,FRL_B01,FRL,3
FRL_B01-0306,FRL_B01,FRL,2
FRL_B01-0308,FRL_B01,FRL,5
FRL_B01-0309,FRL_B01,FRL,3
FRL_B01-0310,FRL_B01,FRL,5
FRL_B01-0311,FRL_B01,FRL,1
FRL_B01-0314,FRL_B01,FRL,1
FRL_B01-0315,FRL_B01,FRL,5
FRL_B01-0316,FRL_B01,FRL,2
FRL_B01-0318,FRL_B01,FRL,4
FTL_B01-0002,FTL_B01,FTL,3
FTL_B01-0003,FTL_B01,FTL,2
FTL_B01-0004,FTL_B01,FTL,1
FTL_B01-0005,FTL_B01,FTL,5
FTL_B01-0006,FTL_B01,FTL,1
FTL_B01-0007,FTL_B01,FTL,3
FTL_B01-0008,FTL_B01,FTL,2
FTL_B01-0010,FTL_B01,FTL,4
FTL_B01-0012,FTL_B01,FTL,5
FTL_B01-0013,FTL_B01,FTL,2
FTL_B01-0014,FTL_B01,FTL,3
FTL_B01-0015,FTL_B01,FTL,2
FTL_B01-0016,FTL_B01,FTL,3
FTL_B01-0017,FTL_B01,FTL,4
FTL_B01-0019,FTL_B01,FTL,2
FTL_B01-0020,FTL_B01,FTL,2
FTL_B01-0021,FTL_B01,FTL,1
FTL_B01-0022,FTL_B01,FTL,2
FTL_B01-0023,FTL_B01,FTL,5
FTL_B01-0024,FTL_B01,FTL,5
FTL_B01-0025,FTL_B01,FTL,1
FTL_B01-0026,FTL_B01,FTL,1
FTL_B01-0027,FTL_B01,FTL,2
FTL_B01-0028,FTL_B01,FTL,2
FTL_B01-0029,FTL_B01,FTL,4
FTL_B01-0031,FTL_B01,FTL,1
FTL_B01-0032,FTL_B01,FTL,1
FTL_B01-0033,FTL_B01,FTL,4
FTL_B01-0034,FTL_B01,FTL,2
FTL_B01-0035,FTL_B01,FTL,5
FTL_B01-0036,FTL_B01,FTL,2
FTL_B01-0037,FTL_B01,FTL,1
FTL_B01-0038,FTL_B01,FTL,1
FTL_B01-0039,FTL_B01,FTL,1
FTL_B01-0040,FTL_B01,FTL,2
FTL_B01-0041,FTL_B01,FTL,2
FTL_B01-0042,FTL_B01,FTL,3
FTL_B01-0043,FTL_B01,FTL,5
FTL_B01-0044,FTL_B01,FTL,2
FTL_B01-0045,FTL_B01,FTL,5
FTL_B01-0046,FTL_B01,FTL,4
FTL_B01-0047,FTL_B01,FTL,3
FTL_B01-0048,FTL_B01,FTL,1
FTL_B01-0049,FTL_B01,FTL,2
FTL_B01-0050,FTL_B01,FTL,5
FTL_B01-0051,FTL_B01,FTL,5
FTL_B01-0052,FTL_B01,FTL,1
FTL_B01-0053,FTL_B01,FTL,3
FTL_B01-0054,FTL_B01,FTL,4
FTL_B01-0055,FTL_B01,FTL,5
FTL_B01-0056,FTL_B01,FTL,3
FTL_B01-0057,FTL_B01,FTL,4
FTL_B01-0058,FTL_B01,FTL,3
FTL_B01-0059,FTL_B01,FTL,1
FTL_B01-0060,FTL_B01,FTL,2
FTL_B01-0061,FTL_B01,FTL,4
FTL_B01-0062,FTL_B01,FTL,4
FTL_B01-0063,FTL_B01,FTL,3
FTL_B01-0064,FTL_B01,FTL,3
FTL_B01-0065,FTL_B01,FTL,3
FTL_B01-0066,FTL_B01,FTL,4
FTL_B01-0067,FTL_B01,FTL,3
FTL_B01-0068,FTL_B01,FTL,3
FTL_B01-0069,FTL_B01,FTL,5
FTL_B01-0070,FTL_B01,FTL,2
FTL_B01-0071,FTL_B01,FTL,4
FTL_B01-0072,FTL_B01,FTL,1
FTL_B01-0073,FTL_B01,FTL,2
FTL_B01-0074,FTL_B01,FTL,3
FTL_B01-0075,FTL_B01,FTL,1
FTL_B01-0076,FTL_B01,FTL,3
FTL_B01-0077,FTL_B01,FTL,1
FTL_B01-0078,FTL_B01,FTL,3
FTL_B01-0079,FTL_B01,FTL,4
FTL_B01-0080,FTL_B01,FTL,3
FTL_B01-0081,FTL_B01,FTL,5
FTL_B01-0082,FTL_B01,FTL,2
FTL_B01-0083,FTL_B01,FTL,5
FTL_B01-0085,FTL_B01,FTL,5
FTL_B01-0086,FTL_B01,FTL,5
FTL_B01-0087,FTL_B01,FTL,5
FTL_B01-0089,FTL_B01,FTL,4
FTL_B01-0090,FTL_B01,FTL,5
FTL_B01-0091,FTL_B01,FTL,2
FTL_B01-0092,FTL_B01,FTL,1
FTL_B01-0093,FTL_B01,FTL,1
FTL_B01-0094,FTL_B01,FTL,3
FTL_B01-0095,FTL_B01,FTL,4
FTL_B01-0096,FTL_B01,FTL,1
FTL_B01-0097,FTL_B01,FTL,3
FTL_B01-0098,FTL_B01,FTL,3
FTL_B01-0099,FTL_B01,FTL,4
FTL_B01-0100,FTL_B01,FTL,3
FTL_B01-0103,FTL_B01,FTL,1
FTL_B01-0105,FTL_B01,FTL,4
FTL_B01-0106,FTL_B01,FTL,3
FTL_B01-0108,FTL_B01,FTL,1
FTL_B01-0109,FTL_B01,FTL,5
FTL_B01-0110,FTL_B01,FTL,5
FTL_B01-0111,FTL_B01,FTL,1
FTL_B01-0112,FTL_B01,FTL,5
FTL_B01-0113,FTL_B01,FTL,4
FTL_B01-0114,FTL_B01,FTL,5
FTL_B01-0115,FTL_B01,FTL,4
FTL_B01-0116,FTL_B01,FTL,2
FTL_B01-0117,FTL_B01,FTL,5
FTL_B01-0118,FTL_B01,FTL,4
FTL_B01-0119,FTL_B01,FTL,5
FTL_B01-0121,FTL_B01,FTL,2
FTL_B01-0122,FTL_B01,FTL,4
FTL_B01-0123,FTL_B01,FTL,5
FTL_B01-0124,FTL_B01,FTL,4
FTL_B01-0125,FTL_B01,FTL,2
FTL_B01-0126,FTL_B01,FTL,1
FTL_B01-0127,FTL_B01,FTL,1
FTL_B01-0128,FTL_B01,FTL,5
FTL_B01-0129,FTL_B01,FTL,5
FTL_B01-0130,FTL_B01,FTL,2
FTL_B01-0131,FTL_B01,FTL,3
FTL_B01-0132,FTL_B01,FTL,1
FTL_B01-0133,FTL_B01,FTL,4
FTL_B01-0134,FTL_B01,FTL,2
FTL_B01-0136,FTL_B01,FTL,3
FTL_B01-0137,FTL_B01,FTL,3
FTL_B01-0138,FTL_B01,FTL,3
FTL_B01-0139,FTL_B01,FTL,2
FTL_B01-0142,FTL_B01,FTL,1
FTL_B01-0143,FTL_B01,FTL,4
FTL_B01-0144,FTL_B01,FTL,3
FTL_B01-0145,FTL_B01,FTL,5
FTL_B01-0146,FTL_B01,FTL,5
FTL_B01-0147,FTL_B01,FTL,4
FTL_B01-0148,FTL_B01,FTL,3
FTL_B01-0149,FTL_B01,FTL,2
FTL_B01-0150,FTL_B01,FTL,3
FTL_B01-0151,FTL_B01,FTL,2
FTL_B01-0152,FTL_B01,FTL,3
FTL_B01-0153,FTL_B01,FTL,1
FTL_B01-0154,FTL_B01,FTL,4
FTL_B01-0155,FTL_B01,FTL,3
FTL_B01-0156,FTL_B01,FTL,1
FTL_B01-0157,FTL_B01,FTL,2
FTL_B01-0158,FTL_B01,FTL,2
FTL_B01-0160,FTL_B01,FTL,1
FTL_B01-0161,FTL_B01,FTL,5
FTL_B01-0162,FTL_B01,FTL,5
FTL_B01-0163,FTL_B01,FTL,4
FTL_B01-0164,FTL_B01,FTL,2
FTL_B01-0165,FTL_B01,FTL,2
FTL_B01-0166,FTL_B01,FTL,4
FTL_B01-0167,FTL_B01,FTL,1
FTL_B01-0168,FTL_B01,FTL,4
FTL_B01-0169,FTL_B01,FTL,5
FTL_B01-0170,FTL_B01,FTL,2
FTL_B01-0171,FTL_B01,FTL,3
FTL_B01-0172,FTL_B01,FTL,4
FTL_B01-0173,FTL_B01,FTL,2
FTL_B01-0174,FTL_B01,FTL,1
FTL_B01-0175,FTL_B01,FTL,4
FTL_B01-0177,FTL_B01,FTL,3
FTL_B01-0179,FTL_B01,FTL,5
FTL_B01-0180,FTL_B01,FTL,4
FTL_B01-0181,FTL_B01,FTL,1
FTL_B01-0182,FTL_B01,FTL,2
FTL_B01-0184,FTL_B01,FTL,1
FTL_B01-0185,FTL_B01,FTL,3
FTL_B01-0186,FTL_B01,FTL,5
FTL_B01-0187,FTL_B01,FTL,4
FTL_B01-0188,FTL_B01,FTL,1
FTL_B01-0189,FTL_B01,FTL,5
FTL_B01-0190,FTL_B01,FTL,4
FTL_B01-0191,FTL_B01,FTL,1
FTL_B01-0192,FTL_B01,FTL,2
FTL_B01-0193,FTL_B01,FTL,5
FTL_B01-0194,FTL_B01,FTL,5
FTL_B01-0195,FTL_B01,FTL,1
FTL_B01-0196,FTL_B01,FTL,4
FTL_B01-0197,FTL_B01,FTL,3
FTL_B01-0198,FTL_B01,FTL,4
FTL_B01-0199,FTL_B01,FTL,3
FTL_B01-0200,FTL_B01,FTL,1
FTL_B01-0201,FTL_B01,FTL,2
FTL_B01-0202,FTL_B01,FTL,4
FWHH_B01-0002,FWHH_B01,FWHH,4
FWHH_B01-0003,FWHH_B01,FWHH,3
FWHH_B01-0005,FWHH_B01,FWHH,3
FWHH_B01-0006,FWHH_B01,FWHH,3
FWHH_B01-0007,FWHH_B01,FWHH,5
FWHH_B01-0008,FWHH_B01,FWHH,5
FWHH_B01-0009,FWHH_B01,FWHH,3
FWHH_B01-0010,FWHH_B01,FWHH,2
FWHH_B01-0011,FWHH_B01,FWHH,4
FWHH_B01-0012,FWHH_B01,FWHH,2
FWHH_B01-0013,FWHH_B01,FWHH,1
FWHH_B01-0014,FWHH_B01,FWHH,1
FWHH_B01-0016,FWHH_B01,FWHH,3
FWHH_B01-0017,FWHH_B01,FWHH,4
FWHH_B01-0018,FWHH_B01,FWHH,3
FWHH_B01-0019,FWHH_B01,FWHH,3
FWHH_B01-0020,FWHH_B01,FWHH,2
FWHH_B01-0021,FWHH_B01,FWHH,1
FWHH_B01-0022,FWHH_B01,FWHH,1
FWHH_B01-0023,FWHH_B01,FWHH,5
FWHH_B01-0024,FWHH_B01,FWHH,1
FWHH_B01-0025,FWHH_B01,FWHH,2
FWHH_B01-0026,FWHH_B01,FWHH,2
FWHH_B01-0027,FWHH_B01,FWHH,4
FWHH_B01-0028,FWHH_B01,FWHH,1
FWHH_B01-0029,FWHH_B01,FWHH,5
FWHH_B01-0030,FWHH_B01,FWHH,1
FWHH_B01-0031,FWHH_B01,FWHH,2
FWHH_B01-0032,FWHH_B01,FWHH,1
FWHH_B01-0033,FWHH_B01,FWHH,5
FWHH_B01-0034,FWHH_B01,FWHH,4
FWHH_B01-0035,FWHH_B01,FWHH,3
FWHH_B01-0036,FWHH_B01,FWHH,3
FWHH_B01-0037,FWHH_B01,FWHH,5
FWHH_B01-0038,FWHH_B01,FWHH,1
FWHH_B01-0039,FWHH_B01,FWHH,5
FWHH_B01-0040,FWHH_B01,FWHH,3
FWHH_B01-0041,FWHH_B01,FWHH,5
FWHH_B01-0042,FWHH_B01,FWHH,4
FWHH_B01-0043,FWHH_B01,FWHH,3
FWHH_B01-0044,FWHH_B01,FWHH,2
FWHH_B01-0045,FWHH_B01,FWHH,3
FWHH_B01-0046,FWHH_B01,FWHH,4
FWHH_B01-0047,FWHH_B01,FWHH,1
FWHH_B01-0048,FWHH_B01,FWHH,4
FWHH_B01-0049,FWHH_B01,FWHH,1
FWHH_B01-0050,FWHH_B01,FWHH,4
FWHH_B01-0051,FWHH_B01,FWHH,2
FWHH_B01-0052,FWHH_B01,FWHH,4
FWHH_B01-0053,FWHH_B01,FWHH,4
FWHH_B01-0054,FWHH_B01,FWHH,4
FWHH_B01-0055,FWHH_B01,FWHH,4
FWHH_B01-0056,FWHH_B01,FWHH,5
FWHH_B01-0057,FWHH_B01,FWHH,3
FWHH_B01-0058,FWHH_B01,FWHH,3
FWHH_B01-0059,FWHH_B01,FWHH,3
FWHH_B01-0060,FWHH_B01,FWHH,4
FWHH_B01-0061,FWHH_B01,FWHH,3
FWHH_B01-0062,FWHH_B01,FWHH,1
FWHH_B01-0063,FWHH_B01,FWHH,2
FWHH_B01-0064,FWHH_B01,FWHH,3
FWHH_B01-0065,FWHH_B01,FWHH,2
FWHH_B01-0066,FWHH_B01,FWHH,2
FWHH_B01-0067,FWHH_B01,FWHH,2
FWHH_B01-0068,FWHH_B01,FWHH,5
FWHH_B01-0069,FWHH_B01,FWHH,5
FWHH_B01-0070,FWHH_B01,FWHH,5
FWHH_B01-0071,FWHH_B01,FWHH,4
FWHH_B01-0072,FWHH_B01,FWHH,4
FWHH_B01-0073,FWHH_B01,FWHH,5
FWHH_B01-0074,FWHH_B01,FWHH,5
FWHH_B01-0075,FWHH_B01,FWHH,3
FWHH_B01-0076,FWHH_B01,FWHH,2
FWHH_B01-0077,FWHH_B01,FWHH,4
FWHH_B01-0078,FWHH_B01,FWHH,1
FWHH_B01-0079,FWHH_B01,FWHH,1
FWHH_B01-0080,FWHH_B01,FWHH,2
FWHH_B01-0081,FWHH_B01,FWHH,5
FWHH_B01-0082,FWHH_B01,FWHH,1
FWHH_B01-0083,FWHH_B01,FWHH,2
FWHH_B01-0084,FWHH_B01,FWHH,1
FWHH_B01-0085,FWHH_B01,FWHH,2
FWHH_B01-0086,FWHH_B01,FWHH,2
FWHH_B01-0087,FWHH_B01,FWHH,1
FWHH_B01-0088,FWHH_B01,FWHH,5
FWHH_B01-0089,FWHH_B01,FWHH,5
KLD_B01-0001,KLD_B01,KLD,1
KLD_B01-0002,KLD_B01,KLD,2
KLD_B01-0003,KLD_B01,KLD,3
KLD_B01-0004,KLD_B01,KLD,3
KLD_B01-0005,KLD_B01,KLD,2
KLD_B01-0006,KLD_B01,KLD,1
KLD_B01-0009,KLD_B01,KLD,5
KLD_B01-0010,KLD_B01,KLD,1
KLD_B01-0011,KLD_B01,KLD,3
KLD_B01-0012,KLD_B01,KLD,3
KLD_B01-0013,KLD_B01,KLD,4
KLD_B01-0014,KLD_B01,KLD,4
KLD_B01-0015,KLD_B01,KLD,5
KLD_B01-0016,KLD_B01,KLD,4
KLD_B01-0017,KLD_B01,KLD,4
KLD_B01-0018,KLD_B01,KLD,3
KLD_B01-0019,KLD_B01,KLD,1
KLD_B01-0020,KLD_B01,KLD,5
KLD_B01-0021,KLD_B01,KLD,3
KLD_B01-0022,KLD_B01,KLD,5
KLD_B01-0023,KLD_B01,KLD,4
KLD_B01-0025,KLD_B01,KLD,2
KLD_B01-0026,KLD_B01,KLD,3
KLD_B01-0027,KLD_B01,KLD,1
KLD_B01-0028,KLD_B01,KLD,4
KLD_B01-0029,KLD_B01,KLD,3
KLD_B01-0030,KLD_B01,KLD,5
KLD_B01-0032,KLD_B01,KLD,4
KLD_B01-0033,KLD_B01,KLD,1
KLD_B01-0034,KLD_B01,KLD,3
KLD_B01-0035,KLD_B01,KLD,3
KLD_B01-0037,KLD_B01,KLD,4
KLD_B01-0038,KLD_B01,KLD,5
KLD_B01-0039,KLD_B01,KLD,2
KLD_B01-0040,KLD_B01,KLD,1
KLD_B01-0041,KLD_B01,KLD,4
KLD_B01-0042,KLD_B01,KLD,3
KLD_B01-0043,KLD_B01,KLD,5
KLD_B01-0044,KLD_B01,KLD,3
KLD_B01-0045,KLD_B01,KLD,4
KLD_B01-0046,KLD_B01,KLD,4
KLD_B01-0047,KLD_B01,KLD,1
KLD_B01-0048,KLD_B01,KLD,2
KLD_B01-0049,KLD_B01,KLD,2
KLD_B01-0050,KLD_B01,KLD,5
KLD_B01-0051,KLD_B01,KLD,1
KLD_B01-0053,KLD_B01,KLD,4
KLD_B01-0054,KLD_B01,KLD,1
KLD_B01-0055,KLD_B01,KLD,3
KLD_B01-0056,KLD_B01,KLD,2
KLD_B01-0057,KLD_B01,KLD,2
KLD_B01-0058,KLD_B01,KLD,5
KLD_B01-0059,KLD_B01,KLD,1
KLD_B01-0060,KLD_B01,KLD,1
KLD_B01-0061,KLD_B01,KLD,1
KLD_B01-0062,KLD_B01,KLD,5
KLD_B01-0064,KLD_B01,KLD,3
KLD_B01-0065,KLD_B01,KLD,3
KLD_B01-0066,KLD_B01,KLD,2
KLD_B01-0067,KLD_B01,KLD,1
KLD_B01-0068,KLD_B01,KLD,2
KLD_B01-0069,KLD_B01,KLD,3
KLD_B01-0070,KLD_B01,KLD,5
KLD_B01-0071,KLD_B01,KLD,1
KLD_B01-0072,KLD_B01,KLD,3
KLD_B01-0073,KLD_B01,KLD,3
KLD_B01-0074,KLD_B01,KLD,4
KLD_B01-0075,KLD_B01,KLD,4
KLD_B01-0076,KLD_B01,KLD,5
KLD_B01-0077,KLD_B01,KLD,4
KLD_B01-0078,KLD_B01,KLD,1
KLD_B01-0079,KLD_B01,KLD,2
KLD_B01-0080,KLD_B01,KLD,3
KLD_B01-0081,KLD_B01,KLD,4
KLD_B01-0082,KLD_B01,KLD,3
KLD_B01-0083,KLD_B01,KLD,4
KLD_B01-0084,KLD_B01,KLD,4
KLD_B01-0085,KLD_B01,KLD,5
KLD_B01-0086,KLD_B01,KLD,5
KLD_B01-0087,KLD_B01,KLD,1
KLD_B01-0088,KLD_B01,KLD,4
KLD_B01-0089,KLD_B01,KLD,4
KLD_B01-0090,KLD_B01,KLD,4
KLD_B01-0091,KLD_B01,KLD,3
KLD_B01-0092,KLD_B01,KLD,5
KLD_B01-0093,KLD_B01,KLD,1
KLD_B01-0094,KLD_B01,KLD,1
KLD_B01-0095,KLD_B01,KLD,4
KLD_B01-0096,KLD_B01,KLD,4
KLD_B01-0097,KLD_B01,KLD,5
KLD_B01-0098,KLD_B01,KLD,2
KLD_B01-0099,KLD_B01,KLD,4
KLD_B01-0100,KLD_B01,KLD,2
KLD_B01-0101,KLD_B01,KLD,4
KLD_B01-0102,KLD_B01,KLD,5
KLD_B01-0103,KLD_B01,KLD,5
KLD_B01-0104,KLD_B01,KLD,4
KLD_B01-0105,KLD_B01,KLD,4
KLD_B01-0106,KLD_B01,KLD,5
KLD_B01-0107,KLD_B01,KLD,2
KLD_B01-0108,KLD_B01,KLD,5
KLD_B01-0109,KLD_B01,KLD,3
KLD_B01-0110,KLD_B01,KLD,2
KLD_B01-0111,KLD_B01,KLD,4
KLD_B01-0112,KLD_B01,KLD,1
KLD_B01-0113,KLD_B01,KLD,1
KLD_B01-0114,KLD_B01,KLD,2
KLD_B01-0115,KLD_B01,KLD,2
KLD_B01-0116,KLD_B01,KLD,1
KLD_B01-0117,KLD_B01,KLD,5
KLD_B01-0118,KLD_B01,KLD,1
KLD_B01-0119,KLD_B01,KLD,5
KLD_B01-0120,KLD_B01,KLD,3
KLD_B01-0121,KLD_B01,KLD,1
KLD_B01-0122,KLD_B01,KLD,5
KLD_B01-0123,KLD_B01,KLD,1
KLD_B01-0124,KLD_B01,KLD,4
KLD_B01-0125,KLD_B01,KLD,4
KLD_B01-0126,KLD_B01,KLD,5
KLD_B01-0127,KLD_B01,KLD,4
KLD_B01-0128,KLD_B01,KLD,5
KLD_B01-0129,KLD_B01,KLD,3
KLD_B01-0130,KLD_B01,KLD,3
KLD_B01-0131,KLD_B01,KLD,1
KLD_B01-0132,KLD_B01,KLD,2
KLD_B01-0133,KLD_B01,KLD,2
KLD_B01-0134,KLD_B01,KLD,3
KLD_B01-0135,KLD_B01,KLD,2
KLD_B01-0136,KLD_B01,KLD,1
KLD_B01-0137,KLD_B01,KLD,4
KLD_B01-0138,KLD_B01,KLD,2
KLD_B01-0139,KLD_B01,KLD,5
KLD_B01-0140,KLD_B01,KLD,1
KLD_B01-0141,KLD_B01,KLD,3
KLD_B01-0142,KLD_B01,KLD,2
KLD_B01-0143,KLD_B01,KLD,4
KLD_B01-0144,KLD_B01,KLD,1
KLD_B01-0145,KLD_B01,KLD,5
KLD_B01-0146,KLD_B01,KLD,4
KLD_B01-0147,KLD_B01,KLD,3
KLD_B01-0149,KLD_B01,KLD,4
KLD_B01-0150,KLD_B01,KLD,3
KLD_B01-0151,KLD_B01,KLD,2
KLD_B01-0152,KLD_B01,KLD,1
KLD_B01-0153,KLD_B01,KLD,2
KLD_B01-0154,KLD_B01,KLD,2
KLD_B01-0155,KLD_B01,KLD,1
KLD_B01-0156,KLD_B01,KLD,5
KLD_B01-0157,KLD_B01,KLD,2
KLD_B01-0158,KLD_B01,KLD,5
KLD_B01-0159,KLD_B01,KLD,2
KLD_B01-0160,KLD_B01,KLD,1
KLD_B01-0161,KLD_B01,KLD,1
KLD_B01-0162,KLD_B01,KLD,2
KLD_B01-0163,KLD_B01,KLD,2
KLD_B01-0164,KLD_B01,KLD,5
KLD_B01-0165,KLD_B01,KLD,3
KLD_B01-0166,KLD_B01,KLD,5
KLD_B01-0167,KLD_B01,KLD,3
KLD_B01-0168,KLD_B01,KLD,2
KLD_B01-0169,KLD_B01,KLD,4
KLD_B01-0170,KLD_B01,KLD,1
KLD_B01-0171,KLD_B01,KLD,4
KLD_B01-0172,KLD_B01,KLD,4
KLD_B01-0173,KLD_B01,KLD,4
KLD_B01-0174,KLD_B01,KLD,4
KLD_B01-0175,KLD_B01,KLD,2
KLD_B01-0176,KLD_B01,KLD,1
KLD_B01-0177,KLD_B01,KLD,1
KLD_B01-0178,KLD_B01,KLD,4
KLD_B01-0179,KLD_B01,KLD,4
KLD_B01-0180,KLD_B01,KLD,4
KLD_B01-0181,KLD_B01,KLD,2
KLD_B01-0182,KLD_B01,KLD,3
KLD_B01-0183,KLD_B01,KLD,2
KLD_B01-0184,KLD_B01,KLD,5
KLD_B01-0185,KLD_B01,KLD,3
KLD_B01-0186,KLD_B01,KLD,2
KLD_B01-0187,KLD_B01,KLD,2
KLD_B01-0188,KLD_B01,KLD,3
KLD_B01-0189,KLD_B01,KLD,4
KLD_B01-0190,KLD_B01,KLD,1
KLD_B01-0191,KLD_B01,KLD,5
KLD_B01-0192,KLD_B01,KLD,4
KLD_B01-0193,KLD_B01,KLD,5
KLD_B01-0194,KLD_B01,KLD,2
KLD_B01-0195,KLD_B01,KLD,5
KLD_B01-0197,KLD_B01,KLD,4
KLD_B01-0199,KLD_B01,KLD,1
KLD_B01-0200,KLD_B01,KLD,5
KLD_B01-0201,KLD_B01,KLD,2
KLD_B01-0202,KLD_B01,KLD,4
KLD_B01-0203,KLD_B01,KLD,2
KLD_B01-0204,KLD_B01,KLD,5
KLD_B01-0205,KLD_B01,KLD,2
KLD_B01-0206,KLD_B01,KLD,3
KLD_B01-0207,KLD_B01,KLD,3
KLD_B01-0208,KLD_B01,KLD,2
KLD_B01-0209,KLD_B01,KLD,3
KLD_B01-0210,KLD_B01,KLD,1
KLD_B01-0211,KLD_B01,KLD,1
KLD_B01-0212,KLD_B01,KLD,3
KLD_B01-0213,KLD_B01,KLD,1
KLD_B01-0214,KLD_B01,KLD,3
KLD_B01-0215,KLD_B01,KLD,2
KLD_B01-0216,KLD_B01,KLD,3
KLD_B01-0218,KLD_B01,KLD,3
KLD_B01-0219,KLD_B01,KLD,4
KLD_B01-0220,KLD_B01,KLD,3
KLD_B01-0221,KLD_B01,KLD,5
KLD_B01-0222,KLD_B01,KLD,4
KLD_B01-0223,KLD_B01,KLD,2
KLD_B01-0224,KLD_B01,KLD,4
KLD_B01-0225,KLD_B01,KLD,1
KLD_B01-0227,KLD_B01,KLD,5
KLD_B01-0228,KLD_B01,KLD,5
KLD_B01-0229,KLD_B01,KLD,4
KLD_B01-0230,KLD_B01,KLD,4
KLD_B01-0231,KLD_B01,KLD,3
KLD_B01-0232,KLD_B01,KLD,2
KLD_B01-0233,KLD_B01,KLD,1
KLD_B01-0234,KLD_B01,KLD,3
KLD_B01-0235,KLD_B01,KLD,4
KLD_B01-0236,KLD_B01,KLD,2
KLD_B01-0237,KLD_B01,KLD,4
KLD_B01-0238,KLD_B01,KLD,2
KLD_B01-0240,KLD_B01,KLD,5
KLD_B01-0241,KLD_B01,KLD,5
KLD_B01-0242,KLD_B01,KLD,2
KLD_B01-0243,KLD_B01,KLD,4
KLD_B01-0244,KLD_B01,KLD,1
KLD_B01-0245,KLD_B01,KLD,1
KLD_B01-0246,KLD_B01,KLD,4
KLD_B01-0248,KLD_B01,KLD,4
KLD_B01-0249,KLD_B01,KLD,4
KLD_B01-0250,KLD_B01,KLD,1
KLD_B01-0251,KLD_B01,KLD,3
KLD_B01-0252,KLD_B01,KLD,3
KLD_B01-0253,KLD_B01,KLD,5
KLD_B01-0254,KLD_B01,KLD,5
KLD_B01-0256,KLD_B01,KLD,2
KLD_B01-0257,KLD_B01,KLD,2
KLD_B01-0258,KLD_B01,KLD,3
KLD_B01-0259,KLD_B01,KLD,3
KLD_B01-0260,KLD_B01,KLD,3
KLD_B01-0261,KLD_B01,KLD,2
KLD_B01-0262,KLD_B01,KLD,2
KLD_B01-0264,KLD_B01,KLD,3
KLD_B01-0265,KLD_B01,KLD,3
KLD_B01-0266,KLD_B01,KLD,3
KLD_B01-0267,KLD_B01,KLD,3
KLD_B01-0268,KLD_B01,KLD,3
KLD_B01-0269,KLD_B01,KLD,4
KLD_B01-0270,KLD_B01,KLD,1
KLD_B01-0271,KLD_B01,KLD,5
KLD_B01-0272,KLD_B01,KLD,1
KLD_B01-0273,KLD_B01,KLD,4
KLD_B01-0274,KLD_B01,KLD,5
KLD_B01-0275,KLD_B01,KLD,2
KLD_B01-0276,KLD_B01,KLD,4
KLD_B01-0277,KLD_B01,KLD,1
KLD_B01-0278,KLD_B01,KLD,5
KLD_B01-0279,KLD_B01,KLD,4
KLD_B01-0280,KLD_B01,KLD,2
KLD_B01-0281,KLD_B01,KLD,2
KLD_B01-0282,KLD_B01,KLD,3
KLD_B01-0283,KLD_B01,KLD,5
KLD_B01-0284,KLD_B01,KLD,4
KLD_B01-0286,KLD_B01,KLD,3
KLD_B02-0001,KLD_B02,KLD,4
KLD_B02-0002,KLD_B02,KLD,5
KLD_B02-0003,KLD_B02,KLD,4
KLD_B02-0004,KLD_B02,KLD,5
KLD_B02-0005,KLD_B02,KLD,1
KLD_B02-0006,KLD_B02,KLD,4
KLD_B02-0007,KLD_B02,KLD,2
KLD_B02-0008,KLD_B02,KLD,3
KLD_B02-0009,KLD_B02,KLD,4
KLD_B02-0010,KLD_B02,KLD,1
KLD_B02-0011,KLD_B02,KLD,2
KLD_B02-0012,KLD_B02,KLD,2
KLD_B02-0013,KLD_B02,KLD,1
KLD_B02-0014,KLD_B02,KLD,2
KLD_B02-0015,KLD_B02,KLD,5
KLD_B02-0017,KLD_B02,KLD,2
KLD_B02-0018,KLD_B02,KLD,2
KLD_B02-0019,KLD_B02,KLD,5
KLD_B02-0020,KLD_B02,KLD,1
KLD_B02-0021,KLD_B02,KLD,1
KLD_B02-0022,KLD_B02,KLD,1
KLD_B02-0023,KLD_B02,KLD,1
KLD_B02-0024,KLD_B02,KLD,4
KLD_B02-0025,KLD_B02,KLD,4
KLD_B02-0026,KLD_B02,KLD,3
KLD_B02-0027,KLD_B02,KLD,3
KLD_B02-0028,KLD_B02,KLD,2
KLD_B02-0029,KLD_B02,KLD,3
KLD_B02-0030,KLD_B02,KLD,2
KLD_B02-0031,KLD_B02,KLD,4
KLD_B02-0032,KLD_B02,KLD,3
KLD_B02-0033,KLD_B02,KLD,1
KLD_B02-0034,KLD_B02,KLD,5
KLD_B02-0035,KLD_B02,KLD,5
KLD_B02-0036,KLD_B02,KLD,3
KLD_B02-0039,KLD_B02,KLD,5
KLD_B02-0040,KLD_B02,KLD,3
KLD_B02-0041,KLD_B02,KLD,5
KLD_B02-0042,KLD_B02,KLD,1
KLD_B02-0043,KLD_B02,KLD,3
KLD_B02-0044,KLD_B02,KLD,1
KLD_B02-0045,KLD_B02,KLD,2
KLD_B02-0046,KLD_B02,KLD,3
KLD_B02-0047,KLD_B02,KLD,2
KLD_B02-0048,KLD_B02,KLD,5
KLD_B02-0049,KLD_B02,KLD,2
KLD_B02-0050,KLD_B02,KLD,2
KLD_B02-0051,KLD_B02,KLD,5
KLD_B02-0052,KLD_B02,KLD,2
KLD_B02-0053,KLD_B02,KLD,5
KLD_B02-0054,KLD_B02,KLD,5
KLD_B02-0055,KLD_B02,KLD,1
KLD_B02-0056,KLD_B02,KLD,5
KLD_B02-0057,KLD_B02,KLD,1
KLD_B02-0058,KLD_B02,KLD,4
KLD_B02-0059,KLD_B02,KLD,1
KLD_B02-0060,KLD_B02,KLD,2
KLD_B02-0061,KLD_B02,KLD,5
KLD_B02-0062,KLD_B02,KLD,1
KLD_B02-0063,KLD_B02,KLD,1
KLD_B02-0064,KLD_B02,KLD,5
KLD_B02-0065,KLD_B02,KLD,2
KLD_B02-0066,KLD_B02,KLD,4
KLD_B02-0067,KLD_B02,KLD,5
KLD_B02-0068,KLD_B02,KLD,1
KLD_B02-0069,KLD_B02,KLD,5
KLD_B02-0070,KLD_B02,KLD,2
KLD_B02-0071,KLD_B02,KLD,4
KLD_B02-0072,KLD_B02,KLD,2
KLD_B02-0073,KLD_B02,KLD,5
KLD_B02-0074,KLD_B02,KLD,3
KLD_B02-0075,KLD_B02,KLD,2
KLD_B02-0076,KLD_B02,KLD,5
KLD_B02-0077,KLD_B02,KLD,2
KLD_B02-0078,KLD_B02,KLD,4
KLD_B02-0079,KLD_B02,KLD,5
KLD_B02-0080,KLD_B02,KLD,5
KLD_B02-0081,KLD_B02,KLD,1
KLD_B02-0082,KLD_B02,KLD,2
KLD_B02-0083,KLD_B02,KLD,3
KLD_B02-0084,KLD_B02,KLD,5
KLD_B02-0085,KLD_B02,KLD,4
KLD_B02-0086,KLD_B02,KLD,1
KLD_B02-0087,KLD_B02,KLD,3
KLD_B02-0088,KLD_B02,KLD,2
KLD_B02-0089,KLD_B02,KLD,2
KLD_B02-0091,KLD_B02,KLD,3
KLD_B02-0092,KLD_B02,KLD,3
KLD_B02-0093,KLD_B02,KLD,5
KLD_B02-0094,KLD_B02,KLD,5
KLD_B02-0095,KLD_B02,KLD,5
KLD_B02-0096,KLD_B02,KLD,2
KLD_B02-0097,KLD_B02,KLD,4
KLD_B02-0098,KLD_B02,KLD,5
KLD_B02-0099,KLD_B02,KLD,4
KLD_B02-0100,KLD_B02,KLD,3
KLD_B02-0101,KLD_B02,KLD,3
KLD_B02-0102,KLD_B02,KLD,5
KLD_B02-0103,KLD_B02,KLD,5
KLD_B02-0104,KLD_B02,KLD,3
KLD_B02-0105,KLD_B02,KLD,2
KLD_B02-0106,KLD_B02,KLD,2
KLD_B02-0107,KLD_B02,KLD,1
KLD_B02-0108,KLD_B02,KLD,5
KLD_B02-0109,KLD_B02,KLD,2
KLD_B02-0110,KLD_B02,KLD,3
KLD_B02-0111,KLD_B02,KLD,1
KLD_B02-0112,KLD_B02,KLD,3
KLD_B02-0113,KLD_B02,KLD,2
KLD_B02-0114,KLD_B02,KLD,4
KLD_B02-0115,KLD_B02,KLD,1
KLD_B02-0116,KLD_B02,KLD,5
KLD_B02-0117,KLD_B02,KLD,5
KLD_B02-0118,KLD_B02,KLD,3
KLD_B02-0119,KLD_B02,KLD,2
KLD_B02-0120,KLD_B02,KLD,3
KLD_B02-0121,KLD_B02,KLD,5
KLD_B02-0122,KLD_B02,KLD,5
KLD_B02-0123,KLD_B02,KLD,4
KLD_B02-0124,KLD_B02,KLD,3
KLD_B02-0125,KLD_B02,KLD,3
KLD_B02-0126,KLD_B02,KLD,2
KLD_B02-0127,KLD_B02,KLD,1
KLD_B02-0128,KLD_B02,KLD,4
KLD_B02-0129,KLD_B02,KLD,1
KLD_B02-0130,KLD_B02,KLD,2
KLD_B02-0131,KLD_B02,KLD,1
KLD_B02-0132,KLD_B02,KLD,2
KLD_B02-0133,KLD_B02,KLD,1
KLD_B02-0134,KLD_B02,KLD,1
KLD_B02-0135,KLD_B02,KLD,5
KLD_B02-0137,KLD_B02,KLD,2
KLD_B02-0138,KLD_B02,KLD,3
KLD_B02-0139,KLD_B02,KLD,1
KLD_B02-0140,KLD_B02,KLD,3
KLD_B02-0141,KLD_B02,KLD,5
KLD_B02-0142,KLD_B02,KLD,1
KLD_B02-0143,KLD_B02,KLD,4
KLD_B02-0144,KLD_B02,KLD,5
KLD_B02-0145,KLD_B02,KLD,3
KLD_B02-0146,KLD_B02,KLD,2
KLD_B02-0147,KLD_B02,KLD,3
KLD_B02-0148,KLD_B02,KLD,2
KLD_B02-0149,KLD_B02,KLD,4
KLD_B02-0150,KLD_B02,KLD,3
KLD_B02-0151,KLD_B02,KLD,3
KLD_B02-0152,KLD_B02,KLD,1
KLD_B02-0154,KLD_B02,KLD,4
KLD_B02-0155,KLD_B02,KLD,5
KLD_B02-0156,KLD_B02,KLD,3
KLD_B02-0157,KLD_B02,KLD,4
KLD_B02-0158,KLD_B02,KLD,5
KLD_B02-0160,KLD_B02,KLD,2
KLD_B02-0161,KLD_B02,KLD,1
KLD_B02-0163,KLD_B02,KLD,4
KLD_B02-0164,KLD_B02,KLD,4
KLD_B02-0165,KLD_B02,KLD,3
KLD_B02-0167,KLD_B02,KLD,3
KLD_B02-0168,KLD_B02,KLD,1
KLD_B02-0169,KLD_B02,KLD,1
KLD_B02-0170,KLD_B02,KLD,3
KLD_B02-0172,KLD_B02,KLD,5
KLD_B02-0173,KLD_B02,KLD,3
KLD_B02-0174,KLD_B02,KLD,5
KLD_B02-0175,KLD_B02,KLD,5
KLD_B02-0176,KLD_B02,KLD,4
KLD_B02-0177,KLD_B02,KLD,5
KLD_B02-0180,KLD_B02,KLD,3
KLD_B02-0181,KLD_B02,KLD,5
KLD_B02-0182,KLD_B02,KLD,5
KLD_B02-0183,KLD_B02,KLD,2
KLD_B02-0184,KLD_B02,KLD,4
KLD_B02-0185,KLD_B02,KLD,5
KLD_B02-0186,KLD_B02,KLD,5
KLD_B02-0187,KLD_B02,KLD,1
KLD_B02-0190,KLD_B02,KLD,5
KLD_B02-0191,KLD_B02,KLD,1
KLD_B02-0192,KLD_B02,KLD,4
KLD_B02-0194,KLD_B02,KLD,2
KLD_B02-0195,KLD_B02,KLD,4
KLD_B02-0196,KLD_B02,KLD,2
KLD_B02-0197,KLD_B02,KLD,3
KLD_B02-0198,KLD_B02,KLD,2
KLD_B02-0199,KLD_B02,KLD,4
KLD_B02-0200,KLD_B02,KLD,5
KLD_B02-0201,KLD_B02,KLD,3
KLD_B02-0202,KLD_B02,KLD,4
KLD_B02-0203,KLD_B02,KLD,4
KLD_B02-0204,KLD_B02,KLD,5
KLD_B02-0205,KLD_B02,KLD,3
KLD_B02-0206,KLD_B02,KLD,5
KLD_B02-0207,KLD_B02,KLD,5
KLD_B02-0209,KLD_B02,KLD,4
KLD_B02-0210,KLD_B02,KLD,5
KLD_B02-0211,KLD_B02,KLD,2
KLD_B02-0212,KLD_B02,KLD,3
KLD_B02-0213,KLD_B02,KLD,4
KLD_B02-0214,KLD_B02,KLD,4
KLD_B02-0215,KLD_B02,KLD,3
KLD_B02-0216,KLD_B02,KLD,3
KLD_B02-0217,KLD_B02,KLD,3
KLD_B02-0218,KLD_B02,KLD,2
KLD_B02-0219,KLD_B02,KLD,5
KLD_B02-0220,KLD_B02,KLD,5
KLD_B02-0221,KLD_B02,KLD,3
KLD_B02-0222,KLD_B02,KLD,2
KLD_B02-0223,KLD_B02,KLD,2
KLD_B02-0224,KLD_B02,KLD,5
KLD_B02-0225,KLD_B02,KLD,4
KLD_B02-0226,KLD_B02,KLD,1
KLD_B02-0227,KLD_B02,KLD,1
KLD_B02-0228,KLD_B02,KLD,2
KLD_B02-0229,KLD_B02,KLD,2
KLD_B02-0230,KLD_B02,KLD,4
KLD_B02-0231,KLD_B02,KLD,2
KLD_B02-0232,KLD_B02,KLD,2
KLD_B02-0233,KLD_B02,KLD,2
KLD_B02-0234,KLD_B02,KLD,3
KLD_B02-0235,KLD_B02,KLD,2
KLD_B02-0236,KLD_B02,KLD,5
KLD_B02-0237,KLD_B02,KLD,3
KLD_B02-0238,KLD_B02,KLD,5
KLD_B02-0239,KLD_B02,KLD,4
KLD_B02-0240,KLD_B02,KLD,3
KLD_B02-0241,KLD_B02,KLD,4
KLD_B02-0242,KLD_B02,KLD,3
KLD_B02-0243,KLD_B02,KLD,1
KLD_B02-0244,KLD_B02,KLD,3
KLD_B02-0245,KLD_B02,KLD,2
KLD_B02-0247,KLD_B02,KLD,1
KLD_B02-0248,KLD_B02,KLD,1
KLD_B02-0250,KLD_B02,KLD,2
KLD_B02-0251,KLD_B02,KLD,2
KLD_B02-0252,KLD_B02,KLD,2
KLD_B02-0253,KLD_B02,KLD,3
KLD_B02-0254,KLD_B02,KLD,2
KLD_B02-0255,KLD_B02,KLD,3
KLD_B02-0256,KLD_B02,KLD,3
KLD_B02-0257,KLD_B02,KLD,3
KLD_B02-0258,KLD_B02,KLD,1
KLD_B02-0259,KLD_B02,KLD,3
KLD_B02-0260,KLD_B02,KLD,4
KLD_B02-0261,KLD_B02,KLD,4
KLD_B02-0262,KLD_B02,KLD,5
KLD_B02-0263,KLD_B02,KLD,2
KLD_B02-0264,KLD_B02,KLD,1
KLD_B02-0265,KLD_B02,KLD,1
KLD_B02-0266,KLD_B02,KLD,3
KLD_B02-0267,KLD_B02,KLD,1
KLD_B02-0268,KLD_B02,KLD,1
KLD_B02-0269,KLD_B02,KLD,1
KLD_B02-0270,KLD_B02,KLD,4
KLD_B02-0271,KLD_B02,KLD,2
KLD_B02-0272,KLD_B02,KLD,1
KLD_B02-0273,KLD_B02,KLD,3
KLD_B02-0274,KLD_B02,KLD,3
KLD_B02-0275,KLD_B02,KLD,4
KLD_B02-0276,KLD_B02,KLD,3
KLD_B02-0277,KLD_B02,KLD,1
KLD_B02-0278,KLD_B02,KLD,5
KLD_B02-0279,KLD_B02,KLD,4
KLD_B02-0280,KLD_B02,KLD,4
KLD_B02-0281,KLD_B02,KLD,1
KLD_B02-0282,KLD_B02,KLD,4
KLD_B02-0283,KLD_B02,KLD,1
KLD_B02-0284,KLD_B02,KLD,1
KLD_B02-0285,KLD_B02,KLD,4
KLD_B02-0286,KLD_B02,KLD,5
KLD_B02-0287,KLD_B02,KLD,5
KLD_B02-0288,KLD_B02,KLD,1
KLD_B02-0289,KLD_B02,KLD,1
KLD_B02-0290,KLD_B02,KLD,5
KLD_B02-0291,KLD_B02,KLD,2
KLD_B02-0292,KLD_B02,KLD,1
KLD_B02-0293,KLD_B02,KLD,1
KLD_B02-0294,KLD_B02,KLD,2
KLD_B02-0295,KLD_B02,KLD,2
KLD_B02-0296,KLD_B02,KLD,1
KLD_B02-0297,KLD_B02,KLD,1
KLD_B02-0299,KLD_B02,KLD,5
KLD_B02-0300,KLD_B02,KLD,3
KLD_B02-0301,KLD_B02,KLD,1
KLD_B02-0302,KLD_B02,KLD,5
KLD_B02-0303,KLD_B02,KLD,2
KLD_B02-0304,KLD_B02,KLD,4
KLD_B02-0305,KLD_B02,KLD,5
KLD_B02-0306,KLD_B02,KLD,1
KLD_B02-0307,KLD_B02,KLD,5
KLD_B02-0308,KLD_B02,KLD,4
KLD_B02-0309,KLD_B02,KLD,1
KLD_B02-0310,KLD_B02,KLD,1
KLD_B02-0311,KLD_B02,KLD,5
KLD_B02-0312,KLD_B02,KLD,2
KLD_B02-0313,KLD_B02,KLD,3
KLD_B02-0314,KLD_B02,KLD,2
KLD_B02-0315,KLD_B02,KLD,4
KLD_B02-0316,KLD_B02,KLD,1
KLD_B02-0317,KLD_B02,KLD,3
KLD_B02-0319,KLD_B02,KLD,5
KLD_B02-0321,KLD_B02,KLD,3
KLD_B02-0322,KLD_B02,KLD,4
KLD_B02-0323,KLD_B02,KLD,1
KLD_B02-0324,KLD_B02,KLD,3
KLD_B02-0325,KLD_B02,KLD,1
KLD_B02-0326,KLD_B02,KLD,5
KLD_B02-0327,KLD_B02,KLD,2
KLD_B02-0328,KLD_B02,KLD,1
KLD_B02-0329,KLD_B02,KLD,5
KLD_B02-0330,KLD_B02,KLD,5
KLD_B02-0331,KLD_B02,KLD,5
KLD_B02-0332,KLD_B02,KLD,2
KLD_B02-0333,KLD_B02,KLD,3
KLD_B02-0334,KLD_B02,KLD,1
KLD_B02-0335,KLD_B02,KLD,5
KLD_B02-0336,KLD_B02,KLD,2
KLD_B02-0337,KLD_B02,KLD,2
KLD_B02-0338,KLD_B02,KLD,4
KLD_B02-0339,KLD_B02,KLD,4
KLD_B02-0341,KLD_B02,KLD,3
KLD_B02-0342,KLD_B02,KLD,5
KLD_B02-0343,KLD_B02,KLD,5
KLD_B02-0344,KLD_B02,KLD,2
KLD_B03-0001,KLD_B03,KLD,2
KLD_B03-0002,KLD_B03,KLD,3
KLD_B03-0003,KLD_B03,KLD,4
KLD_B03-0004,KLD_B03,KLD,1
KLD_B03-0005,KLD_B03,KLD,4
KLD_B03-0006,KLD_B03,KLD,3
KLD_B03-0008,KLD_B03,KLD,4
KLD_B03-0009,KLD_B03,KLD,2
KLD_B03-0010,KLD_B03,KLD,1
KLD_B03-0011,KLD_B03,KLD,1
KLD_B03-0012,KLD_B03,KLD,5
KLD_B03-0013,KLD_B03,KLD,4
KLD_B03-0014,KLD_B03,KLD,4
KLD_B03-0015,KLD_B03,KLD,5
KLD_B03-0016,KLD_B03,KLD,1
KLD_B03-0017,KLD_B03,KLD,3
KLD_B03-0018,KLD_B03,KLD,1
KLD_B03-0019,KLD_B03,KLD,4
KLD_B03-0020,KLD_B03,KLD,5
KLD_B03-0021,KLD_B03,KLD,4
KLD_B03-0022,KLD_B03,KLD,5
KLD_B03-0023,KLD_B03,KLD,2
KLD_B03-0025,KLD_B03,KLD,2
KLD_B03-0027,KLD_B03,KLD,1
KLD_B03-0028,KLD_B03,KLD,1
KLD_B03-0029,KLD_B03,KLD,4
KLD_B03-0032,KLD_B03,KLD,1
KLD_B03-0033,KLD_B03,KLD,1
KLD_B03-0034,KLD_B03,KLD,1
KLD_B03-0035,KLD_B03,KLD,4
KLD_B03-0036,KLD_B03,KLD,2
KLD_B03-0037,KLD_B03,KLD,2
KLD_B03-0038,KLD_B03,KLD,3
KLD_B03-0039,KLD_B03,KLD,1
KLD_B03-0040,KLD_B03,KLD,3
KLD_B03-0041,KLD_B03,KLD,3
KLD_B03-0042,KLD_B03,KLD,5
KLD_B03-0043,KLD_B03,KLD,3
KLD_B03-0044,KLD_B03,KLD,5
KLD_B03-0045,KLD_B03,KLD,3
KLD_B03-0046,KLD_B03,KLD,2
KLD_B03-0047,KLD_B03,KLD,1
KLD_B03-0048,KLD_B03,KLD,4
KLD_B03-0049,KLD_B03,KLD,3
KLD_B03-0050,KLD_B03,KLD,2
KLD_B03-0052,KLD_B03,KLD,2
KLD_B03-0053,KLD_B03,KLD,4
KLD_B03-0054,KLD_B03,KLD,4
KLD_B03-0055,KLD_B03,KLD,3
KLD_B03-0056,KLD_B03,KLD,3
KLD_B03-0057,KLD_B03,KLD,2
KLD_B03-0058,KLD_B03,KLD,4
KLD_B03-0059,KLD_B03,KLD,2
KLD_B03-0060,KLD_B03,KLD,5
KLD_B03-0061,KLD_B03,KLD,3
KLD_B03-0062,KLD_B03,KLD,2
KLD_B03-0063,KLD_B03,KLD,1
KLD_B03-0064,KLD_B03,KLD,5
KLD_B03-0065,KLD_B03,KLD,3
KLD_B03-0066,KLD_B03,KLD,5
KLD_B03-0067,KLD_B03,KLD,3
KLD_B03-0068,KLD_B03,KLD,1
KLD_B03-0069,KLD_B03,KLD,1
KLD_B03-0070,KLD_B03,KLD,5
KLD_B03-0071,KLD_B03,KLD,2
KLD_B03-0072,KLD_B03,KLD,5
KLD_B03-0073,KLD_B03,KLD,3
KLD_B03-0074,KLD_B03,KLD,5
KLD_B03-0075,KLD_B03,KLD,5
KLD_B03-0076,KLD_B03,KLD,5
KLD_B03-0077,KLD_B03,KLD,3
KLD_B03-0078,KLD_B03,KLD,2
KLD_B03-0079,KLD_B03,KLD,1
KLD_B03-0080,KLD_B03,KLD,1
KLD_B03-0081,KLD_B03,KLD,2
KLD_B03-0082,KLD_B03,KLD,4
KLD_B03-0083,KLD_B03,KLD,1
KLD_B03-0085,KLD_B03,KLD,1
KLD_B03-0086,KLD_B03,KLD,5
KLD_B03-0087,KLD_B03,KLD,4
KLD_B03-0088,KLD_B03,KLD,2
KLD_B03-0089,KLD_B03,KLD,5
KLD_B03-0090,KLD_B03,KLD,1
KLD_B03-0091,KLD_B03,KLD,3
KLD_B03-0092,KLD_B03,KLD,5
KLD_B03-0093,KLD_B03,KLD,2
KLD_B03-0094,KLD_B03,KLD,3
KLD_B03-0095,KLD_B03,KLD,3
KLD_B03-0096,KLD_B03,KLD,1
KLD_B03-0097,KLD_B03,KLD,3
KLD_B03-0098,KLD_B03,KLD,4
KLD_B03-0099,KLD_B03,KLD,4
KLD_B03-0100,KLD_B03,KLD,2
KLD_B03-0101,KLD_B03,KLD,2
KLD_B03-0102,KLD_B03,KLD,2
KLD_B03-0103,KLD_B03,KLD,1
KLD_B03-0105,KLD_B03,KLD,2
KLD_B03-0106,KLD_B03,KLD,4
KLD_B03-0107,KLD_B03,KLD,5
KLD_B03-0108,KLD_B03,KLD,2
KLD_B03-0109,KLD_B03,KLD,5
KLD_B03-0110,KLD_B03,KLD,1
KLD_B03-0111,KLD_B03,KLD,5
KLD_B03-0112,KLD_B03,KLD,3
KLD_B03-0113,KLD_B03,KLD,4
KLD_B03-0114,KLD_B03,KLD,1
KLD_B03-0115,KLD_B03,KLD,4
KLD_B03-0116,KLD_B03,KLD,1
KLD_B03-0117,KLD_B03,KLD,4
KLD_B03-0118,KLD_B03,KLD,5
KLD_B03-0119,KLD_B03,KLD,2
KLD_B03-0120,KLD_B03,KLD,2
KLD_B03-0121,KLD_B03,KLD,3
KLD_B03-0122,KLD_B03,KLD,1
KLD_B03-0123,KLD_B03,KLD,4
KLD_B03-0124,KLD_B03,KLD,5
KLD_B03-0125,KLD_B03,KLD,5
KLD_B03-0126,KLD_B03,KLD,1
KLD_B03-0127,KLD_B03,KLD,3
KLD_B03-0128,KLD_B03,KLD,2
KLD_B03-0129,KLD_B03,KLD,4
KLD_B03-0130,KLD_B03,KLD,4
KLD_B03-0131,KLD_B03,KLD,3
KLD_B03-0132,KLD_B03,KLD,1
KLD_B03-0133,KLD_B03,KLD,5
KLD_B03-0134,KLD_B03,KLD,4
KLD_B03-0135,KLD_B03,KLD,4
KLD_B03-0138,KLD_B03,KLD,3
KLD_B03-0139,KLD_B03,KLD,4
KLD_B03-0140,KLD_B03,KLD,3
KLD_B03-0141,KLD_B03,KLD,5
KLD_B03-0142,KLD_B03,KLD,1
KLD_B03-0143,KLD_B03,KLD,4
KLD_B03-0144,KLD_B03,KLD,3
KLD_B03-0145,KLD_B03,KLD,4
KLD_B03-0146,KLD_B03,KLD,4
KLD_B03-0147,KLD_B03,KLD,2
KLD_B03-0148,KLD_B03,KLD,1
KLD_B03-0149,KLD_B03,KLD,2
KLD_B03-0150,KLD_B03,KLD,5
KLD_B03-0151,KLD_B03,KLD,3
KLD_B03-0152,KLD_B03,KLD,1
KLD_B03-0154,KLD_B03,KLD,4
KLD_B03-0155,KLD_B03,KLD,3
KLD_B03-0156,KLD_B03,KLD,1
KLD_B03-0157,KLD_B03,KLD,4
KLD_B03-0158,KLD_B03,KLD,5
KLD_B03-0159,KLD_B03,KLD,4
KLD_B03-0160,KLD_B03,KLD,2
KLD_B03-0161,KLD_B03,KLD,4
KLD_B03-0162,KLD_B03,KLD,2
KLD_B03-0163,KLD_B03,KLD,2
KLD_B03-0164,KLD_B03,KLD,2
KLD_B03-0165,KLD_B03,KLD,4
KLD_B03-0166,KLD_B03,KLD,2
KLD_B03-0167,KLD_B03,KLD,1
KLD_B03-0168,KLD_B03,KLD,4
KLD_B03-0169,KLD_B03,KLD,2
KLD_B03-0170,KLD_B03,KLD,3
KLD_B03-0171,KLD_B03,KLD,4
KLD_B03-0172,KLD_B03,KLD,3
KLD_B03-0173,KLD_B03,KLD,5
KLD_B03-0174,KLD_B03,KLD,5
KLD_B03-0175,KLD_B03,KLD,5
KLD_B03-0176,KLD_B03,KLD,3
KLD_B03-0178,KLD_B03,KLD,4
KLD_B03-0179,KLD_B03,KLD,4
KLD_B03-0180,KLD_B03,KLD,1
KLD_B03-0181,KLD_B03,KLD,5
KLD_B03-0182,KLD_B03,KLD,5
KLD_B03-0183,KLD_B03,KLD,1
KLD_B03-0184,KLD_B03,KLD,3
KLD_B03-0185,KLD_B03,KLD,2
KLD_B03-0186,KLD_B03,KLD,1
KLD_B03-0187,KLD_B03,KLD,3
KLD_B03-0188,KLD_B03,KLD,2
KLD_B03-0189,KLD_B03,KLD,1
KLD_B03-0190,KLD_B03,KLD,4
KLD_B03-0191,KLD_B03,KLD,4
KLD_B03-0193,KLD_B03,KLD,1
KLD_B03-0194,KLD_B03,KLD,1
KLD_B03-0195,KLD_B03,KLD,3
KLD_B03-0196,KLD_B03,KLD,3
KLD_B03-0197,KLD_B03,KLD,4
KLD_B03-0198,KLD_B03,KLD,1
KLD_B03-0199,KLD_B03,KLD,1
KLD_B03-0200,KLD_B03,KLD,2
L31_A96_B01-0001,L31_A96_B01,L31,4
L31_A96_B01-0004,L31_A96_B01,L31,2
L31_A96_B01-0006,L31_A96_B01,L31,1
L31_A96_B01-0007,L31_A96_B01,L31,1
L31_A96_B01-0008,L31_A96_B01,L31,2
L31_A96_B01-0009,L31_A96_B01,L31,5
L31_A96_B01-0011,L31_A96_B01,L31,4
L31_A96_B01-0012,L31_A96_B01,L31,3
L31_A96_B01-0013,L31_A96_B01,L31,1
L31_A96_B01-0014,L31_A96_B01,L31,1
L31_A96_B01-0015,L31_A96_B01,L31,4
L31_A96_B01-0016,L31_A96_B01,L31,1
L31_A96_B01-0017,L31_A96_B01,L31,5
L31_A96_B01-0018,L31_A96_B01,L31,4
L31_A96_B01-0019,L31_A96_B01,L31,4
L31_A96_B01-0020,L31_A96_B01,L31,4
L31_A96_B01-0023,L31_A96_B01,L31,2
L31_A96_B01-0024,L31_A96_B01,L31,3
L31_A96_B01-0025,L31_A96_B01,L31,4
L31_A96_B01-0026,L31_A96_B01,L31,5
L31_A96_B01-0027,L31_A96_B01,L31,1
L31_A96_B01-0028,L31_A96_B01,L31,1
L31_A96_B01-0029,L31_A96_B01,L31,5
L31_A96_B01-0031,L31_A96_B01,L31,5
L31_A96_B01-0032,L31_A96_B01,L31,3
L31_A96_B01-0033,L31_A96_B01,L31,4
L31_A96_B01-0034,L31_A96_B01,L31,2
L31_A96_B01-0035,L31_A96_B01,L31,2
L31_A96_B01-0036,L31_A96_B01,L31,3
L31_A96_B01-0037,L31_A96_B01,L31,4
L31_A96_B01-0038,L31_A96_B01,L31,2
L31_A96_B01-0039,L31_A96_B01,L31,4
L31_A96_B01-0040,L31_A96_B01,L31,4
L31_A96_B01-0041,L31_A96_B01,L31,1
L31_A96_B01-0042,L31_A96_B01,L31,4
L31_A96_B01-0043,L31_A96_B01,L31,1
L31_A96_B01-0044,L31_A96_B01,L31,2
L31_A96_B01-0045,L31_A96_B01,L31,4
L31_A96_B01-0046,L31_A96_B01,L31,5
L31_A96_B01-0047,L31_A96_B01,L31,1
L31_A96_B01-0048,L31_A96_B01,L31,3
L31_A96_B01-0049,L31_A96_B01,L31,2
L31_A96_B01-0050,L31_A96_B01,L31,1
L31_A96_B01-0051,L31_A96_B01,L31,2
L31_A96_B01-0052,L31_A96_B01,L31,4
L31_A96_B01-0053,L31_A96_B01,L31,3
L31_A96_B01-0055,L31_A96_B01,L31,2
L31_A96_B01-0056,L31_A96_B01,L31,5
L31_A96_B01-0057,L31_A96_B01,L31,3
L31_A96_B01-0058,L31_A96_B01,L31,5
L31_A96_B01-0059,L31_A96_B01,L31,5
L31_A96_B01-0060,L31_A96_B01,L31,4
L31_A96_B01-0061,L31_A96_B01,L31,3
L31_A96_B01-0062,L31_A96_B01,L31,1
L31_A96_B01-0063,L31_A96_B01,L31,1
L31_A96_B01-0064,L31_A96_B01,L31,2
L31_A96_B01-0065,L31_A96_B01,L31,2
L31_A96_B01-0066,L31_A96_B01,L31,3
L31_A96_B01-0067,L31_A96_B01,L31,4
L31_A96_B01-0068,L31_A96_B01,L31,3
L31_A96_B01-0069,L31_A96_B01,L31,2
L31_A96_B01-0070,L31_A96_B01,L31,3
L31_A96_B01-0071,L31_A96_B01,L31,1
L31_A96_B01-0072,L31_A96_B01,L31,5
L31_A96_B01-0073,L31_A96_B01,L31,3
L31_A96_B01-0074,L31_A96_B01,L31,5
L31_A96_B01-0075,L31_A96_B01,L31,2
L31_A96_B01-0076,L31_A96_B01,L31,5
L31_A96_B01-0077,L31_A96_B01,L31,2
L31_A96_B01-0078,L31_A96_B01,L31,4
L31_A96_B01-0079,L31_A96_B01,L31,1
L31_A96_B01-0080,L31_A96_B01,L31,1
L31_A96_B01-0081,L31_A96_B01,L31,3
L31_A96_B01-0082,L31_A96_B01,L31,2
L31_A96_B01-0083,L31_A96_B01,L31,1
L31_A96_B01-0084,L31_A96_B01,L31,5
L31_A96_B01-0085,L31_A96_B01,L31,5
L31_A96_B01-0086,L31_A96_B01,L31,1
L31_A96_B01-0087,L31_A96_B01,L31,1
L31_A96_B01-0088,L31_A96_B01,L31,3
L31_A96_B01-0089,L31_A96_B01,L31,2
L31_A96_B01-0090,L31_A96_B01,L31,1
L31_A96_B01-0091,L31_A96_B01,L31,4
L31_A96_B01-0094,L31_A96_B01,L31,5
L31_A96_B01-0095,L31_A96_B01,L31,5
L31_A96_B01-0096,L31_A96_B01,L31,5
L31_A96_B01-0097,L31_A96_B01,L31,2
L31_A96_B01-0098,L31_A96_B01,L31,1
L31_A96_B01-0099,L31_A96_B01,L31,2
L31_A96_B01-0101,L31_A96_B01,L31,3
L31_A96_B01-0102,L31_A96_B01,L31,5
L31_A96_B01-0103,L31_A96_B01,L31,1
L31_A96_B01-0104,L31_A96_B01,L31,4
L31_A96_B01-0105,L31_A96_B01,L31,4
L31_A96_B01-0106,L31_A96_B01,L31,1
L31_A96_B01-0108,L31_A96_B01,L31,5
L31_A96_B01-0109,L31_A96_B01,L31,4
L31_A96_B01-0111,L31_A96_B01,L31,4
L31_A96_B01-0112,L31_A96_B01,L31,3
L31_A96_B01-0113,L31_A96_B01,L31,2
L31_A96_B01-0114,L31_A96_B01,L31,1
L31_A96_B01-0115,L31_A96_B01,L31,5
L31_A96_B01-0116,L31_A96_B01,L31,2
L31_A96_B01-0118,L31_A96_B01,L31,2
L31_A96_B01-0120,L31_A96_B01,L31,4
L31_A96_B01-0121,L31_A96_B01,L31,4
L31_A96_B01-0122,L31_A96_B01,L31,5
L31_A96_B01-0123,L31_A96_B01,L31,5
L31_A96_B01-0124,L31_A96_B01,L31,1
L31_A96_B01-0125,L31_A96_B01,L31,3
L31_A96_B01-0127,L31_A96_B01,L31,5
L31_A96_B01-0128,L31_A96_B01,L31,4
L31_A96_B01-0129,L31_A96_B01,L31,1
L31_A96_B01-0130,L31_A96_B01,L31,3
L31_A96_B01-0131,L31_A96_B01,L31,3
L31_A96_B01-0132,L31_A96_B01,L31,5
L31_A96_B01-0133,L31_A96_B01,L31,5
L31_A96_B01-0134,L31_A96_B01,L31,3
L31_A96_B01-0135,L31_A96_B01,L31,1
L31_A96_B01-0136,L31_A96_B01,L31,3
L31_A96_B01-0137,L31_A96_B01,L31,2
L31_A96_B01-0138,L31_A96_B01,L31,5
L31_A96_B01-0140,L31_A96_B01,L31,2
L31_A96_B01-0141,L31_A96_B01,L31,4
L31_A96_B01-0142,L31_A96_B01,L31,2
L31_A96_B01-0143,L31_A96_B01,L31,4
L31_A96_B01-0144,L31_A96_B01,L31,4
L31_A96_B01-0145,L31_A96_B01,L31,4
L31_A96_B01-0146,L31_A96_B01,L31,2
L31_A96_B01-0147,L31_A96_B01,L31,2
L31_A96_B01-0148,L31_A96_B01,L31,2
L31_A96_B01-0149,L31_A96_B01,L31,4
L31_A96_B01-0150,L31_A96_B01,L31,1
L31_A96_B01-0151,L31_A96_B01,L31,2
L31_A96_B01-0152,L31_A96_B01,L31,2
L31_A96_B01-0153,L31_A96_B01,L31,4
L31_A96_B01-0154,L31_A96_B01,L31,3
L31_A96_B01-0155,L31_A96_B01,L31,3
L31_A96_B01-0156,L31_A96_B01,L31,3
L31_A96_B01-0157,L31_A96_B01,L31,5
L31_A96_B01-0158,L31_A96_B01,L31,3
L31_A96_B01-0159,L31_A96_B01,L31,1
L31_A96_B01-0160,L31_A96_B01,L31,3
L31_A96_B01-0161,L31_A96_B01,L31,3
L31_A96_B01-0162,L31_A96_B01,L31,4
L31_A96_B01-0163,L31_A96_B01,L31,5
L31_A96_B01-0164,L31_A96_B01,L31,2
L31_A96_B01-0165,L31_A96_B01,L31,5
L31_A96_B01-0166,L31_A96_B01,L31,5
L31_A96_B01-0167,L31_A96_B01,L31,1
L31_A96_B01-0168,L31_A96_B01,L31,4
L31_A96_B01-0169,L31_A96_B01,L31,1
L31_A96_B01-0170,L31_A96_B01,L31,3
L31_A96_B01-0171,L31_A96_B01,L31,1
L31_A96_B01-0172,L31_A96_B01,L31,3
L31_A96_B01-0173,L31_A96_B01,L31,4
L31_A96_B01-0174,L31_A96_B01,L31,3
L31_A96_B01-0175,L31_A96_B01,L31,3
L31_A96_B01-0177,L31_A96_B01,L31,2
L31_A96_B01-0179,L31_A96_B01,L31,4
L31_A96_B01-0180,L31_A96_B01,L31,1
L31_A96_B01-0181,L31_A96_B01,L31,2
L31_A96_B01-0182,L31_A96_B01,L31,5
L31_A96_B01-0183,L31_A96_B01,L31,2
L31_A96_B01-0184,L31_A96_B01,L31,4
L31_A96_B01-0187,L31_A96_B01,L31,3
L31_A96_B01-0191,L31_A96_B01,L31,2
L31_A96_B01-0192,L31_A96_B01,L31,5
L31_A96_B01-0193,L31_A96_B01,L31,2
L31_A96_B01-0194,L31_A96_B01,L31,3
L31_A96_B01-0196,L31_A96_B01,L31,3
L31_A96_B01-0197,L31_A96_B01,L31,3
L31_A96_B01-0198,L31_A96_B01,L31,5
L31_A96_B01-0199,L31_A96_B01,L31,3
L31_A96_B01-0200,L31_A96_B01,L31,4
L31_A96_B01-0201,L31_A96_B01,L31,1
L31_A96_B01-0202,L31_A96_B01,L31,3
L31_A96_B01-0203,L31_A96_B01,L31,3
L31_A96_B01-0204,L31_A96_B01,L31,4
L31_A96_B01-0205,L31_A96_B01,L31,1
L31_A96_B01-0206,L31_A96_B01,L31,4
L31_A96_B01-0207,L31_A96_B01,L31,5
L31_A96_B01-0208,L31_A96_B01,L31,2
L31_A96_B01-0209,L31_A96_B01,L31,1
L31_A96_B01-0211,L31_A96_B01,L31,4
L31_A96_B01-0212,L31_A96_B01,L31,3
L31_A96_B01-0213,L31_A96_B01,L31,1
L31_A96_B01-0215,L31_A96_B01,L31,4
L31_A96_B01-0216,L31_A96_B01,L31,1
L31_A96_B01-0217,L31_A96_B01,L31,1
L31_A96_B01-0218,L31_A96_B01,L31,2
L31_A96_B01-0219,L31_A96_B01,L31,5
L31_A96_B01-0220,L31_A96_B01,L31,3
L31_A96_B01-0221,L31_A96_B01,L31,1
L31_A96_B01-0222,L31_A96_B01,L31,5
L31_A96_B01-0223,L31_A96_B01,L31,1
L31_A96_B01-0224,L31_A96_B01,L31,3
L31_A96_B01-0225,L31_A96_B01,L31,2
L31_A96_B01-0226,L31_A96_B01,L31,4
L31_A96_B01-0227,L31_A96_B01,L31,3
L31_A96_B01-0228,L31_A96_B01,L31,4
L31_A96_B01-0229,L31_A96_B01,L31,2
L31_A96_B01-0230,L31_A96_B01,L31,5
L31_A96_B01-0231,L31_A96_B01,L31,2
L31_A96_B01-0232,L31_A96_B01,L31,5
L31_A96_B01-0233,L31_A96_B01,L31,5
L31_A96_B01-0235,L31_A96_B01,L31,1
L31_A96_B01-0239,L31_A96_B01,L31,2
L31_A96_B01-0240,L31_A96_B01,L31,5
L31_A96_B01-0241,L31_A96_B01,L31,1
L31_A96_B01-0242,L31_A96_B01,L31,2
L31_A96_B01-0243,L31_A96_B01,L31,3
L31_A96_B01-0244,L31_A96_B01,L31,5
L31_A96_B01-0245,L31_A96_B01,L31,5
L31_A96_B01-0246,L31_A96_B01,L31,5
L31_A96_B01-0248,L31_A96_B01,L31,1
NL_A186_B01-0001,NL_A186_B01,NL,5
NL_A186_B01-0002,NL_A186_B01,NL,4
NL_A186_B01-0003,NL_A186_B01,NL,4
NL_A186_B01-0004,NL_A186_B01,NL,1
NL_A186_B01-0005,NL_A186_B01,NL,4
NL_A186_B01-0007,NL_A186_B01,NL,3
NL_A186_B01-0008,NL_A186_B01,NL,4
NL_A186_B01-0010,NL_A186_B01,NL,4
NL_A186_B01-0011,NL_A186_B01,NL,4
NL_A186_B01-0012,NL_A186_B01,NL,3
NL_A186_B01-0013,NL_A186_B01,NL,3
NL_A186_B01-0014,NL_A186_B01,NL,2
NL_A186_B01-0015,NL_A186_B01,NL,4
NL_A186_B01-0016,NL_A186_B01,NL,2
NL_A186_B01-0017,NL_A186_B01,NL,2
NL_A186_B01-0018,NL_A186_B01,NL,5
NL_A186_B01-0019,NL_A186_B01,NL,1
NL_A186_B01-0020,NL_A186_B01,NL,2
NL_A186_B01-0021,NL_A186_B01,NL,3
NL_A186_B01-0022,NL_A186_B01,NL,5
NL_A186_B01-0023,NL_A186_B01,NL,4
NL_A186_B01-0025,NL_A186_B01,NL,4
NL_A186_B01-0027,NL_A186_B01,NL,1
NL_A186_B01-0028,NL_A186_B01,NL,4
NL_A186_B01-0029,NL_A186_B01,NL,2
NL_A186_B01-0030,NL_A186_B01,NL,3
NL_A186_B01-0032,NL_A186_B01,NL,1
NL_A186_B01-0035,NL_A186_B01,NL,5
NL_A186_B01-0036,NL_A186_B01,NL,5
NL_A186_B01-0037,NL_A186_B01,NL,5
NL_A186_B01-0038,NL_A186_B01,NL,1
NL_A186_B01-0040,NL_A186_B01,NL,2
NL_A186_B01-0041,NL_A186_B01,NL,4
NL_A186_B01-0043,NL_A186_B01,NL,5
NL_A186_B01-0044,NL_A186_B01,NL,5
NL_A186_B01-0045,NL_A186_B01,NL,4
NL_A186_B01-0046,NL_A186_B01,NL,5
NL_A186_B01-0047,NL_A186_B01,NL,1
NL_A186_B01-0048,NL_A186_B01,NL,3
NL_A186_B01-0049,NL_A186_B01,NL,3
NL_A186_B01-0050,NL_A186_B01,NL,1
NL_A186_B01-0051,NL_A186_B01,NL,3
NL_A186_B01-0052,NL_A186_B01,NL,2
NL_A186_B01-0053,NL_A186_B01,NL,5
NL_A186_B01-0054,NL_A186_B01,NL,3
NL_A186_B01-0055,NL_A186_B01,NL,2
NL_A186_B01-0056,NL_A186_B01,NL,2
NL_A186_B01-0057,NL_A186_B01,NL,3
NL_A186_B01-0058,NL_A186_B01,NL,4
NL_A186_B01-0059,NL_A186_B01,NL,1
NL_A186_B01-0060,NL_A186_B01,NL,2
NL_A186_B01-0062,NL_A186_B01,NL,1
NL_A186_B01-0063,NL_A186_B01,NL,1
NL_A186_B01-0064,NL_A186_B01,NL,3
NL_A186_B01-0065,NL_A186_B01,NL,3
NL_A186_B01-0067,NL_A186_B01,NL,3
NL_A186_B01-0068,NL_A186_B01,NL,1
NL_A186_B01-0069,NL_A186_B01,NL,3
NL_A186_B01-0070,NL_A186_B01,NL,5
NL_A186_B01-0071,NL_A186_B01,NL,5
NL_A186_B01-0073,NL_A186_B01,NL,4
NL_A186_B01-0074,NL_A186_B01,NL,1
NL_A186_B01-0075,NL_A186_B01,NL,2
NL_A186_B01-0076,NL_A186_B01,NL,1
NL_A186_B01-0077,NL_A186_B01,NL,4
NL_A186_B01-0079,NL_A186_B01,NL,5
NL_A186_B01-0080,NL_A186_B01,NL,1
NL_A186_B01-0081,NL_A186_B01,NL,3
NL_A186_B01-0082,NL_A186_B01,NL,4
NL_A186_B01-0083,NL_A186_B01,NL,2
NL_A186_B01-0084,NL_A186_B01,NL,2
NL_A186_B01-0085,NL_A186_B01,NL,3
NL_A186_B01-0086,NL_A186_B01,NL,4
NL_A186_B01-0087,NL_A186_B01,NL,3
NL_A186_B01-0088,NL_A186_B01,NL,5
NL_A186_B01-0089,NL_A186_B01,NL,2
NL_A186_B01-0090,NL_A186_B01,NL,3
NL_A186_B01-0091,NL_A186_B01,NL,2
NL_A186_B01-0092,NL_A186_B01,NL,4
NL_A186_B01-0093,NL_A186_B01,NL,2
NL_A186_B01-0094,NL_A186_B01,NL,2
NL_A186_B01-0095,NL_A186_B01,NL,5
NL_A186_B01-0096,NL_A186_B01,NL,4
NL_A186_B01-0097,NL_A186_B01,NL,4
NL_A186_B01-0098,NL_A186_B01,NL,2
NL_A186_B01-0099,NL_A186_B01,NL,1
NL_A186_B01-0100,NL_A186_B01,NL,1
NL_A186_B01-0101,NL_A186_B01,NL,2
NL_A186_B01-0102,NL_A186_B01,NL,2
NL_A186_B01-0103,NL_A186_B01,NL,5
NL_A186_B01-0105,NL_A186_B01,NL,3
NL_A186_B01-0106,NL_A186_B01,NL,1
NL_A186_B01-0107,NL_A186_B01,NL,1
NL_A186_B01-0108,NL_A186_B01,NL,4
NL_A186_B01-0109,NL_A186_B01,NL,1
NL_A186_B01-0110,NL_A186_B01,NL,5
NL_A186_B01-0111,NL_A186_B01,NL,5
NL_A186_B01-0112,NL_A186_B01,NL,1
NL_A186_B01-0114,NL_A186_B01,NL,5
NL_A186_B01-0115,NL_A186_B01,NL,4
NL_A186_B01-0116,NL_A186_B01,NL,2
NL_A186_B01-0117,NL_A186_B01,NL,4
NL_A186_B01-0118,NL_A186_B01,NL,1
NL_A186_B01-0119,NL_A186_B01,NL,5
NL_A186_B01-0120,NL_A186_B01,NL,4
NL_A186_B01-0122,NL_A186_B01,NL,1
NL_A186_B01-0123,NL_A186_B01,NL,3
NL_A186_B01-0124,NL_A186_B01,NL,1
NL_A186_B01-0125,NL_A186_B01,NL,5
NL_A186_B01-0126,NL_A186_B01,NL,1
NL_A186_B01-0128,NL_A186_B01,NL,3
NL_A186_B01-0129,NL_A186_B01,NL,4
NL_A186_B01-0130,NL_A186_B01,NL,5
NL_A186_B01-0131,NL_A186_B01,NL,2
NL_A186_B01-0132,NL_A186_B01,NL,1
NL_A186_B01-0133,NL_A186_B01,NL,3
NL_A186_B01-0134,NL_A186_B01,NL,2
NL_A186_B01-0135,NL_A186_B01,NL,2
NL_A186_B01-0137,NL_A186_B01,NL,2
NL_A186_B01-0138,NL_A186_B01,NL,3
NL_A186_B01-0139,NL_A186_B01,NL,5
NL_A186_B01-0140,NL_A186_B01,NL,5
NL_A186_B01-0141,NL_A186_B01,NL,2
NL_A186_B01-0142,NL_A186_B01,NL,4
NL_A186_B01-0143,NL_A186_B01,NL,3
NL_A186_B01-0144,NL_A186_B01,NL,3
NL_A186_B01-0145,NL_A186_B01,NL,1
NL_A186_B01-0146,NL_A186_B01,NL,5
NL_A186_B01-0147,NL_A186_B01,NL,5
NL_A186_B01-0148,NL_A186_B01,NL,5
NL_A186_B01-0149,NL_A186_B01,NL,3
NL_A186_B01-0150,NL_A186_B01,NL,4
NL_A186_B01-0151,NL_A186_B01,NL,3
NL_A186_B01-0152,NL_A186_B01,NL,3
NL_A186_B01-0154,NL_A186_B01,NL,1
NL_A186_B01-0155,NL_A186_B01,NL,4
NL_A186_B01-0156,NL_A186_B01,NL,5
NL_A186_B01-0159,NL_A186_B01,NL,1
NL_A186_B01-0161,NL_A186_B01,NL,4
NL_A186_B01-0162,NL_A186_B01,NL,2
NL_A186_B01-0163,NL_A186_B01,NL,3
NL_A186_B01-0164,NL_A186_B01,NL,1
NL_A186_B01-0167,NL_A186_B01,NL,2
NL_A186_B01-0168,NL_A186_B01,NL,5
QCL_A184_B01-0001,QCL_A184_B01,QCL,1
QCL_A184_B01-0002,QCL_A184_B01,QCL,1
QCL_A184_B01-0003,QCL_A184_B01,QCL,1
QCL_A184_B01-0004,QCL_A184_B01,QCL,4
QCL_A184_B01-0005,QCL_A184_B01,QCL,4
QCL_A184_B01-0006,QCL_A184_B01,QCL,1
QCL_A184_B01-0007,QCL_A184_B01,QCL,4
QCL_A184_B01-0008,QCL_A184_B01,QCL,3
QCL_A184_B01-0009,QCL_A184_B01,QCL,2
QCL_A184_B01-0010,QCL_A184_B01,QCL,2
QCL_A184_B01-0011,QCL_A184_B01,QCL,2
QCL_A184_B01-0012,QCL_A184_B01,QCL,5
QCL_A184_B01-0013,QCL_A184_B01,QCL,2
QCL_A184_B01-0014,QCL_A184_B01,QCL,4
QCL_A184_B01-0015,QCL_A184_B01,QCL,3
QCL_A184_B01-0016,QCL_A184_B01,QCL,4
QCL_A184_B01-0017,QCL_A184_B01,QCL,4
QCL_A184_B01-0018,QCL_A184_B01,QCL,5
QCL_A184_B01-0019,QCL_A184_B01,QCL,3
QCL_A184_B01-0020,QCL_A184_B01,QCL,3
QCL_A184_B01-0021,QCL_A184_B01,QCL,4
QCL_A184_B01-0022,QCL_A184_B01,QCL,1
QCL_A184_B01-0023,QCL_A184_B01,QCL,4
QCL_A184_B01-0024,QCL_A184_B01,QCL,2
QCL_A184_B01-0025,QCL_A184_B01,QCL,4
QCL_A184_B01-0026,QCL_A184_B01,QCL,5
QCL_A184_B01-0027,QCL_A184_B01,QCL,5
QCL_A184_B01-0028,QCL_A184_B01,QCL,1
QCL_A184_B01-0029,QCL_A184_B01,QCL,5
QCL_A184_B01-0030,QCL_A184_B01,QCL,3
QCL_A184_B01-0031,QCL_A184_B01,QCL,1
QCL_A184_B01-0032,QCL_A184_B01,QCL,2
QCL_A184_B01-0033,QCL_A184_B01,QCL,5
QCL_A184_B01-0034,QCL_A184_B01,QCL,2
QCL_A184_B01-0035,QCL_A184_B01,QCL,5
QCL_A184_B01-0036,QCL_A184_B01,QCL,1
QCL_A184_B01-0037,QCL_A184_B01,QCL,3
QCL_A184_B01-0038,QCL_A184_B01,QCL,1
QCL_A184_B01-0040,QCL_A184_B01,QCL,5
QCL_A184_B01-0042,QCL_A184_B01,QCL,2
QCL_A184_B01-0043,QCL_A184_B01,QCL,2
QCL_A184_B01-0044,QCL_A184_B01,QCL,1
QCL_A184_B01-0045,QCL_A184_B01,QCL,1
QCL_A184_B01-0046,QCL_A184_B01,QCL,2
QCL_A184_B01-0047,QCL_A184_B01,QCL,3
QCL_A184_B01-0048,QCL_A184_B01,QCL,3
QCL_A184_B01-0049,QCL_A184_B01,QCL,5
QCL_A184_B01-0050,QCL_A184_B01,QCL,1
QCL_A184_B01-0051,QCL_A184_B01,QCL,5
QCL_A184_B01-0052,QCL_A184_B01,QCL,4
QCL_A184_B01-0053,QCL_A184_B01,QCL,1
QCL_A184_B01-0054,QCL_A184_B01,QCL,3
QCL_A184_B01-0055,QCL_A184_B01,QCL,1
QCL_A184_B01-0056,QCL_A184_B01,QCL,4
QCL_A184_B01-0057,QCL_A184_B01,QCL,4
QCL_A184_B01-0058,QCL_A184_B01,QCL,5
QCL_A184_B01-0059,QCL_A184_B01,QCL,1
QCL_A184_B01-0060,QCL_A184_B01,QCL,4
QCL_A184_B01-0061,QCL_A184_B01,QCL,5
QCL_A184_B01-0062,QCL_A184_B01,QCL,1
QCL_A184_B01-0063,QCL_A184_B01,QCL,4
QCL_A184_B01-0064,QCL_A184_B01,QCL,4
QCL_A184_B01-0065,QCL_A184_B01,QCL,1
QCL_A184_B01-0066,QCL_A184_B01,QCL,5
QCL_A184_B01-0067,QCL_A184_B01,QCL,3
QCL_A184_B01-0068,QCL_A184_B01,QCL,3
QCL_A184_B01-0069,QCL_A184_B01,QCL,5
QCL_A184_B01-0070,QCL_A184_B01,QCL,2
QCL_A184_B01-0071,QCL_A184_B01,QCL,3
QCL_A184_B01-0072,QCL_A184_B01,QCL,5
QCL_A184_B01-0073,QCL_A184_B01,QCL,1
QCL_A184_B01-0074,QCL_A184_B01,QCL,5
QCL_A184_B01-0075,QCL_A184_B01,QCL,4
QCL_A184_B01-0076,QCL_A184_B01,QCL,5
QCL_A184_B01-0077,QCL_A184_B01,QCL,2
QCL_A184_B01-0078,QCL_A184_B01,QCL,2
QCL_A184_B01-0080,QCL_A184_B01,QCL,2
QCL_A184_B01-0081,QCL_A184_B01,QCL,2
QCL_A184_B01-0082,QCL_A184_B01,QCL,2
QCL_A184_B01-0083,QCL_A184_B01,QCL,4
QCL_A184_B01-0084,QCL_A184_B01,QCL,4
QCL_A184_B01-0085,QCL_A184_B01,QCL,3
QCL_A184_B01-0086,QCL_A184_B01,QCL,5
QCL_A184_B01-0087,QCL_A184_B01,QCL,5
QCL_A184_B01-0088,QCL_A184_B01,QCL,3
QCL_A184_B01-0089,QCL_A184_B01,QCL,2
QCL_A184_B01-0090,QCL_A184_B01,QCL,2
QCL_A184_B01-0091,QCL_A184_B01,QCL,3
QCL_A184_B01-0092,QCL_A184_B01,QCL,5
QCL_A184_B01-0093,QCL_A184_B01,QCL,2
QCL_A184_B01-0094,QCL_A184_B01,QCL,4
QCL_A184_B01-0095,QCL_A184_B01,QCL,5
QCL_A184_B01-0096,QCL_A184_B01,QCL,5
QCL_A184_B01-0097,QCL_A184_B01,QCL,5
QCL_A184_B01-0098,QCL_A184_B01,QCL,1
QCL_A184_B01-0099,QCL_A184_B01,QCL,1
QCL_A184_B01-0100,QCL_A184_B01,QCL,5
QCL_A184_B01-0101,QCL_A184_B01,QCL,1
QCL_A184_B01-0102,QCL_A184_B01,QCL,2
QCL_A184_B01-0103,QCL_A184_B01,QCL,3
QCL_A184_B01-0104,QCL_A184_B01,QCL,2
QCL_A184_B01-0105,QCL_A184_B01,QCL,2
QCL_A184_B01-0106,QCL_A184_B01,QCL,4
QCL_A184_B01-0107,QCL_A184_B01,QCL,2
QCL_A184_B01-0108,QCL_A184_B01,QCL,3
QCL_A184_B01-0109,QCL_A184_B01,QCL,4
QCL_A184_B01-0110,QCL_A184_B01,QCL,5
QCL_A184_B01-0111,QCL_A184_B01,QCL,2
QCL_A184_B01-0112,QCL_A184_B01,QCL,2
QCL_A184_B01-0113,QCL_A184_B01,QCL,1
QCL_A184_B01-0114,QCL_A184_B01,QCL,4
QCL_A184_B01-0115,QCL_A184_B01,QCL,4
QCL_A184_B01-0116,QCL_A184_B01,QCL,2
QCL_A184_B01-0117,QCL_A184_B01,QCL,1
QCL_A184_B01-0118,QCL_A184_B01,QCL,2
QCL_A184_B01-0119,QCL_A184_B01,QCL,3
QCL_A184_B01-0120,QCL_A184_B01,QCL,5
QCL_A184_B01-0121,QCL_A184_B01,QCL,5
QCL_A184_B01-0122,QCL_A184_B01,QCL,3
QCL_A184_B01-0123,QCL_A184_B01,QCL,3
QCL_A184_B01-0124,QCL_A184_B01,QCL,2
QCL_A184_B01-0125,QCL_A184_B01,QCL,1
QCL_A184_B01-0126,QCL_A184_B01,QCL,2
QCL_A184_B01-0127,QCL_A184_B01,QCL,1
QCL_A184_B01-0128,QCL_A184_B01,QCL,5
QCL_A184_B01-0130,QCL_A184_B01,QCL,2
QCL_A184_B01-0131,QCL_A184_B01,QCL,5
QCL_A184_B01-0132,QCL_A184_B01,QCL,3
QCL_A184_B01-0133,QCL_A184_B01,QCL,2
QCL_A184_B01-0134,QCL_A184_B01,QCL,4
QCL_A184_B01-0135,QCL_A184_B01,QCL,4
QCL_A184_B01-0136,QCL_A184_B01,QCL,5
QCL_A184_B01-0137,QCL_A184_B01,QCL,5
QCL_A184_B01-0138,QCL_A184_B01,QCL,4
QCL_A184_B01-0139,QCL_A184_B01,QCL,1
QCL_A184_B01-0140,QCL_A184_B01,QCL,4
QCL_A184_B01-0141,QCL_A184_B01,QCL,4
QCL_A184_B01-0142,QCL_A184_B01,QCL,2
QCL_A184_B01-0143,QCL_A184_B01,QCL,3
QCL_A184_B01-0144,QCL_A184_B01,QCL,2
QCL_A184_B01-0145,QCL_A184_B01,QCL,3
QCL_A184_B01-0146,QCL_A184_B01,QCL,3
QCL_A184_B01-0147,QCL_A184_B01,QCL,3
QCL_A184_B01-0149,QCL_A184_B01,QCL,5
QCL_A184_B01-0150,QCL_A184_B01,QCL,4
QCL_A184_B01-0151,QCL_A184_B01,QCL,1
QCL_A184_B01-0152,QCL_A184_B01,QCL,1
QCL_A184_B01-0153,QCL_A184_B01,QCL,4
QCL_A184_B01-0154,QCL_A184_B01,QCL,3
QCL_A184_B01-0155,QCL_A184_B01,QCL,5
QCL_A184_B01-0156,QCL_A184_B01,QCL,5
QCL_A184_B01-0157,QCL_A184_B01,QCL,2
QCL_A184_B01-0158,QCL_A184_B01,QCL,1
QCL_A184_B01-0159,QCL_A184_B01,QCL,4
QCL_A184_B01-0160,QCL_A184_B01,QCL,1
QCL_A184_B01-0161,QCL_A184_B01,QCL,4
QCL_A184_B01-0162,QCL_A184_B01,QCL,3
QCL_A184_B01-0164,QCL_A184_B01,QCL,2
QCL_A184_B01-0165,QCL_A184_B01,QCL,2
QCL_A184_B01-0166,QCL_A184_B01,QCL,5
QCL_A184_B01-0168,QCL_A184_B01,QCL,1
QCL_A184_B01-0169,QCL_A184_B01,QCL,1
QCL_A184_B01-0170,QCL_A184_B01,QCL,3
QCL_A184_B01-0171,QCL_A184_B01,QCL,3
QCL_A184_B01-0172,QCL_A184_B01,QCL,1
QCL_A184_B01-0173,QCL_A184_B01,QCL,5
QCL_A184_B01-0174,QCL_A184_B01,QCL,4
QCL_A184_B01-0175,QCL_A184_B01,QCL,2
QCL_A184_B01-0176,QCL_A184_B01,QCL,5
QCL_A184_B01-0177,QCL_A184_B01,QCL,5
QCL_A184_B01-0178,QCL_A184_B01,QCL,3
QCL_A184_B01-0179,QCL_A184_B01,QCL,1
QCL_A184_B01-0180,QCL_A184_B01,QCL,2
QCL_A184_B01-0181,QCL_A184_B01,QCL,3
QCL_A184_B01-0182,QCL_A184_B01,QCL,4
QCL_A184_B01-0183,QCL_A184_B01,QCL,1
QCL_A184_B01-0185,QCL_A184_B01,QCL,3
QCL_A184_B01-0186,QCL_A184_B01,QCL,2
QCL_A184_B01-0187,QCL_A184_B01,QCL,1
QCL_A184_B01-0188,QCL_A184_B01,QCL,4
QCL_A184_B01-0189,QCL_A184_B01,QCL,5
QCL_A184_B01-0190,QCL_A184_B01,QCL,4
QCL_A184_B01-0191,QCL_A184_B01,QCL,1
QCL_A184_B01-0192,QCL_A184_B01,QCL,2
QCL_A184_B01-0193,QCL_A184_B01,QCL,3
QCL_A184_B01-0194,QCL_A184_B01,QCL,2
QCL_A184_B01-0195,QCL_A184_B01,QCL,3
QCL_A184_B01-0196,QCL_A184_B01,QCL,5
QCL_A184_B01-0197,QCL_A184_B01,QCL,5
QCL_A184_B01-0199,QCL_A184_B01,QCL,3
QCL_A184_B01-0201,QCL_A184_B01,QCL,5
QCL_A184_B01-0202,QCL_A184_B01,QCL,4
QCL_A184_B01-0203,QCL_A184_B01,QCL,3
QCL_A184_B01-0204,QCL_A184_B01,QCL,2
QCL_A184_B01-0206,QCL_A184_B01,QCL,2
QCL_A184_B01-0207,QCL_A184_B01,QCL,2
QCL_A184_B01-0208,QCL_A184_B01,QCL,2
QCL_A184_B01-0209,QCL_A184_B01,QCL,2
QCL_A184_B01-0210,QCL_A184_B01,QCL,5
QCL_A184_B01-0211,QCL_A184_B01,QCL,2
QCL_A184_B01-0212,QCL_A184_B01,QCL,1
QCL_A184_B01-0213,QCL_A184_B01,QCL,3
QCL_A184_B01-0215,QCL_A184_B01,QCL,4
QCL_A184_B01-0216,QCL_A184_B01,QCL,1
QCL_A184_B01-0217,QCL_A184_B01,QCL,3
QCL_A184_B01-0218,QCL_A184_B01,QCL,2
QCL_A184_B01-0220,QCL_A184_B01,QCL,1
QCL_A184_B01-0221,QCL_A184_B01,QCL,3
QCL_A184_B01-0222,QCL_A184_B01,QCL,2
QCL_A184_B01-0223,QCL_A184_B01,QCL,5
QCL_A184_B01-0224,QCL_A184_B01,QCL,3
QCL_A184_B01-0225,QCL_A184_B01,QCL,1
QCL_A184_B01-0226,QCL_A184_B01,QCL,3
QCL_A184_B01-0227,QCL_A184_B01,QCL,1
QCL_A184_B01-0228,QCL_A184_B01,QCL,5
QCL_A184_B01-0229,QCL_A184_B01,QCL,4
QCL_A184_B01-0230,QCL_A184_B01,QCL,4
QCL_A184_B01-0231,QCL_A184_B01,QCL,3
QCL_A184_B01-0232,QCL_A184_B01,QCL,4
QCL_A184_B01-0233,QCL_A184_B01,QCL,3
QCL_A184_B01-0234,QCL_A184_B01,QCL,3
QCL_A184_B01-0235,QCL_A184_B01,QCL,4
QCL_A184_B01-0236,QCL_A184_B01,QCL,1
QCL_A184_B01-0237,QCL_A184_B01,QCL,1
QCL_A184_B01-0238,QCL_A184_B01,QCL,4
QCL_A184_B01-0239,QCL_A184_B01,QCL,4
QCL_A184_B01-0240,QCL_A184_B01,QCL,2
QCL_A184_B01-0241,QCL_A184_B01,QCL,4
QCL_A184_B01-0242,QCL_A184_B01,QCL,5
QCL_A184_B01-0243,QCL_A184_B01,QCL,2
QCL_A184_B01-0244,QCL_A184_B01,QCL,1
QCL_A184_B01-0245,QCL_A184_B01,QCL,4
QCL_A184_B01-0246,QCL_A184_B01,QCL,2
QCL_A184_B01-0247,QCL_A184_B01,QCL,2
QCL_A184_B01-0248,QCL_A184_B01,QCL,4
QCL_A184_B01-0249,QCL_A184_B01,QCL,3
QCL_A184_B01-0250,QCL_A184_B01,QCL,4
QCL_A184_B01-0251,QCL_A184_B01,QCL,3
QCL_A184_B01-0252,QCL_A184_B01,QCL,5
QCL_A184_B01-0253,QCL_A184_B01,QCL,1
QCL_A184_B01-0254,QCL_A184_B01,QCL,5
QCL_A184_B01-0255,QCL_A184_B01,QCL,5
QCL_A184_B01-0256,QCL_A184_B01,QCL,3
QCL_A184_B01-0258,QCL_A184_B01,QCL,2
QCL_A184_B01-0259,QCL_A184_B01,QCL,5
QCL_A184_B01-0260,QCL_A184_B01,QCL,2
QCL_A184_B01-0261,QCL_A184_B01,QCL,3
QCL_A184_B01-0262,QCL_A184_B01,QCL,4
QCL_A184_B01-0263,QCL_A184_B01,QCL,4
QCL_A184_B01-0264,QCL_A184_B01,QCL,4
QCL_A184_B01-0265,QCL_A184_B01,QCL,3
QCL_A184_B01-0266,QCL_A184_B01,QCL,4
QCL_A184_B01-0267,QCL_A184_B01,QCL,5
QCL_A184_B01-0268,QCL_A184_B01,QCL,3
QCL_A184_B01-0269,QCL_A184_B01,QCL,3
QCL_A184_B01-0270,QCL_A184_B01,QCL,3
QCL_A184_B01-0271,QCL_A184_B01,QCL,2
QCL_A184_B01-0272,QCL_A184_B01,QCL,5
QCL_A184_B01-0273,QCL_A184_B01,QCL,1
QCL_A184_B01-0274,QCL_A184_B01,QCL,4
QCL_A184_B01-0275,QCL_A184_B01,QCL,4
QCL_A184_B01-0276,QCL_A184_B01,QCL,5
QCL_A184_B01-0277,QCL_A184_B01,QCL,1
QCL_A184_B01-0278,QCL_A184_B01,QCL,5
QCL_A184_B01-0279,QCL_A184_B01,QCL,2
QCL_A184_B01-0280,QCL_A184_B01,QCL,1
QCL_A184_B01-0281,QCL_A184_B01,QCL,4
QCL_A184_B01-0282,QCL_A184_B01,QCL,4
QCL_A184_B01-0283,QCL_A184_B01,QCL,2
QCL_A184_B01-0284,QCL_A184_B01,QCL,2
QCL_A184_B01-0285,QCL_A184_B01,QCL,5
QCL_A184_B01-0286,QCL_A184_B01,QCL,5
QCL_A184_B01-0287,QCL_A184_B01,QCL,1
QCL_A184_B01-0288,QCL_A184_B01,QCL,3
QCL_A184_B01-0289,QCL_A184_B01,QCL,4
QCL_A184_B01-0291,QCL_A184_B01,QCL,3
QCL_A184_B01-0293,QCL_A184_B01,QCL,2
QCL_A184_B01-0294,QCL_A184_B01,QCL,5
QCL_A184_B01-0295,QCL_A184_B01,QCL,1
QCL_A184_B01-0298,QCL_A184_B01,QCL,3
QCL_A184_B01-0300,QCL_A184_B01,QCL,1
QCL_A184_B01-0301,QCL_A184_B01,QCL,1
QCL_A184_B01-0302,QCL_A184_B01,QCL,3
QCL_A184_B01-0303,QCL_A184_B01,QCL,1
QCL_A184_B01-0304,QCL_A184_B01,QCL,2
QCL_A184_B01-0305,QCL_A184_B01,QCL,1
QCL_A184_B01-0306,QCL_A184_B01,QCL,4
QCL_A184_B01-0308,QCL_A184_B01,QCL,5
QCL_A184_B01-0309,QCL_A184_B01,QCL,1
QCL_A184_B01-0310,QCL_A184_B01,QCL,1
QCL_A184_B01-0311,QCL_A184_B01,QCL,5
QCL_A184_B01-0312,QCL_A184_B01,QCL,4
QCL_A184_B01-0313,QCL_A184_B01,QCL,2
QCL_A184_B01-0314,QCL_A184_B01,QCL,1
QCL_A184_B01-0316,QCL_A184_B01,QCL,5
QCL_A184_B01-0317,QCL_A184_B01,QCL,1
QCL_A184_B01-0318,QCL_A184_B01,QCL,5
QCL_A184_B01-0319,QCL_A184_B01,QCL,5
QCL_A184_B01-0320,QCL_A184_B01,QCL,3
QCL_A184_B01-0321,QCL_A184_B01,QCL,2
QCL_A184_B01-0322,QCL_A184_B01,QCL,5
QCL_A184_B01-0323,QCL_A184_B01,QCL,4
QCL_A184_B01-0324,QCL_A184_B01,QCL,2
QCL_A184_B01-0325,QCL_A184_B01,QCL,5
QCL_A184_B01-0326,QCL_A184_B01,QCL,3
QCL_A184_B01-0327,QCL_A184_B01,QCL,4
QCL_A184_B01-0328,QCL_A184_B01,QCL,3
QCL_A184_B01-0329,QCL_A184_B01,QCL,1
QCL_A184_B01-0330,QCL_A184_B01,QCL,4
QCL_A184_B01-0331,QCL_A184_B01,QCL,1
QCL_A184_B01-0332,QCL_A184_B01,QCL,3
QCL_A184_B01-0333,QCL_A184_B01,QCL,3
QCL_A184_B01-0334,QCL_A184_B01,QCL,3
QCL_A184_B01-0335,QCL_A184_B01,QCL,3
QCL_A184_B01-0336,QCL_A184_B01,QCL,2
QCL_A184_B01-0337,QCL_A184_B01,QCL,5
QCL_A184_B01-0338,QCL_A184_B01,QCL,3
QCL_A184_B01-0339,QCL_A184_B01,QCL,4
QCL_A184_B01-0340,QCL_A184_B01,QCL,1
QCL_A184_B01-0341,QCL_A184_B01,QCL,1
QCL_A184_B01-0342,QCL_A184_B01,QCL,1
QCL_A184_B01-0343,QCL_A184_B01,QCL,3
QCL_A184_B01-0344,QCL_A184_B01,QCL,2
QCL_A184_B01-0345,QCL_A184_B01,QCL,4
QCL_A184_B01-0346,QCL_A184_B01,QCL,1
QCL_A184_B01-0347,QCL_A184_B01,QCL,1
QCL_A184_B01-0348,QCL_A184_B01,QCL,4
QCL_A184_B01-0349,QCL_A184_B01,QCL,5
QCL_A184_B01-0350,QCL_A184_B01,QCL,4
WD_B01-0001,WD_B01,WD,3
WD_B01-0003,WD_B01,WD,5
WD_B01-0004,WD_B01,WD,4
WD_B01-0005,WD_B01,WD,5
WD_B01-0006,WD_B01,WD,2
WD_B01-0007,WD_B01,WD,3
WD_B01-0008,WD_B01,WD,4
WD_B01-0009,WD_B01,WD,1
WD_B01-0010,WD_B01,WD,1
WD_B01-0011,WD_B01,WD,4
WD_B01-0012,WD_B01,WD,5
WD_B01-0013,WD_B01,WD,1
WD_B01-0014,WD_B01,WD,3
WD_B01-0015,WD_B01,WD,1
WD_B01-0016,WD_B01,WD,2
WD_B01-0018,WD_B01,WD,3
WD_B01-0019,WD_B01,WD,4
WD_B01-0020,WD_B01,WD,3
WD_B01-0022,WD_B01,WD,4
WD_B01-0023,WD_B01,WD,2
WD_B01-0024,WD_B01,WD,3
WD_B01-0025,WD_B01,WD,5
WD_B01-0026,WD_B01,WD,1
WD_B01-0027,WD_B01,WD,3
WD_B01-0028,WD_B01,WD,5
WD_B01-0029,WD_B01,WD,4
WD_B01-0030,WD_B01,WD,1
WD_B01-0031,WD_B01,WD,2
WD_B01-0032,WD_B01,WD,4
WD_B01-0033,WD_B01,WD,1
WD_B01-0034,WD_B01,WD,5
WD_B01-0035,WD_B01,WD,1
WD_B01-0036,WD_B01,WD,2
WD_B01-0037,WD_B01,WD,2
WD_B01-0038,WD_B01,WD,2
WD_B01-0039,WD_B01,WD,2
WD_B01-0040,WD_B01,WD,1
WD_B01-0042,WD_B01,WD,3
WD_B01-0043,WD_B01,WD,4
WD_B01-0045,WD_B01,WD,1
WD_B01-0047,WD_B01,WD,4
WD_B01-0048,WD_B01,WD,5
WD_B01-0049,WD_B01,WD,4
WD_B01-0050,WD_B01,WD,2
WD_B01-0051,WD_B01,WD,1
WD_B01-0052,WD_B01,WD,2
WD_B01-0053,WD_B01,WD,1
WD_B01-0054,WD_B01,WD,1
WD_B01-0055,WD_B01,WD,3
WD_B01-0056,WD_B01,WD,3
WD_B01-0057,WD_B01,WD,2
WD_B01-0058,WD_B01,WD,5
WD_B01-0059,WD_B01,WD,3
WD_B01-0060,WD_B01,WD,4
WD_B01-0061,WD_B01,WD,3
WD_B01-0063,WD_B01,WD,1
WD_B01-0064,WD_B01,WD,3
WD_B01-0065,WD_B01,WD,5
WD_B01-0066,WD_B01,WD,2
WD_B01-0067,WD_B01,WD,3
WD_B01-0068,WD_B01,WD,4
WD_B01-0069,WD_B01,WD,3
WD_B01-0070,WD_B01,WD,4
WD_B01-0071,WD_B01,WD,3
WD_B01-0072,WD_B01,WD,1
WD_B01-0073,WD_B01,WD,3
WD_B01-0074,WD_B01,WD,4
WD_B01-0075,WD_B01,WD,5
WD_B01-0076,WD_B01,WD,2
WD_B01-0077,WD_B01,WD,4
WD_B01-0078,WD_B01,WD,3
WD_B01-0079,WD_B01,WD,5
WD_B01-0080,WD_B01,WD,1
WD_B01-0081,WD_B01,WD,3
WD_B01-0082,WD_B01,WD,5
WD_B01-0083,WD_B01,WD,2
WD_B01-0084,WD_B01,WD,5
WD_B01-0085,WD_B01,WD,2
WD_B01-0086,WD_B01,WD,3
WD_B01-0087,WD_B01,WD,1
WD_B01-0088,WD_B01,WD,4
WD_B01-0089,WD_B01,WD,4
WD_B01-0090,WD_B01,WD,5
WD_B01-0091,WD_B01,WD,2
WD_B01-0092,WD_B01,WD,1
WD_B01-0093,WD_B01,WD,4
WD_B01-0094,WD_B01,WD,4
WD_B01-0095,WD_B01,WD,3
WD_B01-0096,WD_B01,WD,3
WD_B01-0097,WD_B01,WD,3
WD_B01-0098,WD_B01,WD,2
WD_B01-0099,WD_B01,WD,4
WD_B01-0100,WD_B01,WD,4
WD_B01-0101,WD_B01,WD,1
WD_B01-0102,WD_B01,WD,5
WD_B01-0103,WD_B01,WD,2
WD_B01-0104,WD_B01,WD,2
WD_B01-0106,WD_B01,WD,1
WD_B01-0107,WD_B01,WD,2
WD_B01-0108,WD_B01,WD,1
WD_B01-0109,WD_B01,WD,5
WD_B01-0110,WD_B01,WD,4
WD_B01-0111,WD_B01,WD,5
WD_B01-0112,WD_B01,WD,4
WD_B01-0114,WD_B01,WD,5
WD_B01-0115,WD_B01,WD,4
WD_B01-0116,WD_B01,WD,1
WD_B01-0117,WD_B01,WD,5
WD_B01-0118,WD_B01,WD,3
WD_B01-0119,WD_B01,WD,3
WD_B01-0120,WD_B01,WD,1
WD_B01-0121,WD_B01,WD,3
WD_B01-0122,WD_B01,WD,5
WD_B01-0123,WD_B01,WD,2
WD_B01-0124,WD_B01,WD,3
WD_B01-0125,WD_B01,WD,2
WD_B01-0128,WD_B01,WD,2
WD_B01-0129,WD_B01,WD,2
WD_B01-0130,WD_B01,WD,1
WD_B01-0131,WD_B01,WD,1
WD_B01-0132,WD_B01,WD,5
WD_B01-0133,WD_B01,WD,5
WD_B01-0134,WD_B01,WD,4
WD_B01-0136,WD_B01,WD,3
WD_B01-0137,WD_B01,WD,5
WD_B01-0138,WD_B01,WD,1
WD_B01-0139,WD_B01,WD,3
WD_B01-0140,WD_B01,WD,4
WD_B01-0141,WD_B01,WD,4
WD_B01-0142,WD_B01,WD,5
WD_B01-0143,WD_B01,WD,5
WD_B01-0145,WD_B01,WD,3
WD_B01-0146,WD_B01,WD,3
WD_B01-0147,WD_B01,WD,4
WD_B01-0148,WD_B01,WD,1
WD_B01-0150,WD_B01,WD,5
WD_B01-0152,WD_B01,WD,5
WD_B01-0153,WD_B01,WD,2
WD_B01-0154,WD_B01,WD,3
WD_B01-0155,WD_B01,WD,2
WD_B01-0156,WD_B01,WD,2
WD_B01-0157,WD_B01,WD,5
WD_B01-0158,WD_B01,WD,3
WD_B01-0159,WD_B01,WD,2
WD_B01-0160,WD_B01,WD,4
WD_B01-0161,WD_B01,WD,1
WD_B01-0162,WD_B01,WD,5
WD_B01-0163,WD_B01,WD,1
WD_B01-0164,WD_B01,WD,2
WD_B01-0165,WD_B01,WD,1
WD_B01-0166,WD_B01,WD,2
WD_B01-0167,WD_B01,WD,5
WD_B01-0168,WD_B01,WD,1
WD_B01-0169,WD_B01,WD,3
WD_B01-0170,WD_B01,WD,5
WD_B01-0171,WD_B01,WD,4
WD_B01-0172,WD_B01,WD,1
WD_B01-0173,WD_B01,WD,3
WD_B01-0174,WD_B01,WD,1
WD_B01-0175,WD_B01,WD,1
WD_B01-0176,WD_B01,WD,1
WD_B01-0177,WD_B01,WD,5
WD_B01-0178,WD_B01,WD,5
WD_B01-0179,WD_B01,WD,3
WD_B01-0180,WD_B01,WD,3
WD_B01-0181,WD_B01,WD,1
WD_B01-0182,WD_B01,WD,3
WD_B01-0183,WD_B01,WD,2
WD_B01-0184,WD_B01,WD,1
WD_B01-0185,WD_B01,WD,2
WD_B01-0187,WD_B01,WD,3
WD_B01-0188,WD_B01,WD,2
WD_B01-0189,WD_B01,WD,3
WD_B01-0191,WD_B01,WD,2
WD_B01-0192,WD_B01,WD,4
WD_B01-0193,WD_B01,WD,5
WD_B01-0194,WD_B01,WD,3
WD_B01-0195,WD_B01,WD,1
WD_B01-0196,WD_B01,WD,3
WD_B01-0197,WD_B01,WD,1
WD_B01-0198,WD_B01,WD,2
WD_B01-0200,WD_B01,WD,4
WD_B01-0202,WD_B01,WD,2
WD_B01-0203,WD_B01,WD,3
WD_B01-0204,WD_B01,WD,2
WD_B01-0205,WD_B01,WD,5
WD_B01-0206,WD_B01,WD,2
WD_B01-0207,WD_B01,WD,5
WD_B01-0208,WD_B01,WD,1
WD_B01-0209,WD_B01,WD,5
WD_B01-0210,WD_B01,WD,5
WD_B01-0211,WD_B01,WD,4
WD_B01-0212,WD_B01,WD,5
WD_B01-0213,WD_B01,WD,4
WD_B01-0214,WD_B01,WD,5
WD_B01-0215,WD_B01,WD,5
WD_B01-0216,WD_B01,WD,3
WD_B01-0218,WD_B01,WD,3
WD_B01-0219,WD_B01,WD,5
WD_B01-0220,WD_B01,WD,4
WD_B01-0221,WD_B01,WD,5
WD_B01-0222,WD_B01,WD,3
WD_B01-0223,WD_B01,WD,4
WD_B01-0224,WD_B01,WD,1
WD_B01-0225,WD_B01,WD,4
WD_B01-0226,WD_B01,WD,1
WD_B01-0227,WD_B01,WD,1
WD_B01-0228,WD_B01,WD,4
WD_B01-0229,WD_B01,WD,2
WD_B01-0230,WD_B01,WD,5
WD_B01-0232,WD_B01,WD,2
WD_B01-0234,WD_B01,WD,5
WD_B01-0235,WD_B01,WD,4
WD_B01-0236,WD_B01,WD,5
WD_B01-0237,WD_B01,WD,4
WD_B01-0238,WD_B01,WD,5
WD_B01-0239,WD_B01,WD,3
WD_B01-0240,WD_B01,WD,1
WD_B01-0241,WD_B01,WD,4
WD_B01-0242,WD_B01,WD,3
WD_B01-0243,WD_B01,WD,5
WD_B01-0244,WD_B01,WD,4
WD_B01-0245,WD_B01,WD,1
WD_B01-0246,WD_B01,WD,4
WD_B01-0247,WD_B01,WD,3
WD_B01-0249,WD_B01,WD,1
WD_B01-0250,WD_B01,WD,1
WD_B01-0251,WD_B01,WD,2
WD_B01-0253,WD_B01,WD,2
WD_B01-0254,WD_B01,WD,4
WD_B01-0255,WD_B01,WD,5
WD_B01-0256,WD_B01,WD,2
WD_B01-0257,WD_B01,WD,2
WD_B01-0258,WD_B01,WD,3
WD_B01-0259,WD_B01,WD,2
WD_B01-0260,WD_B01,WD,4
WD_B01-0261,WD_B01,WD,3
WD_B01-0262,WD_B01,WD,2
WD_B01-0263,WD_B01,WD,2
WD_B01-0264,WD_B01,WD,3
WD_B01-0265,WD_B01,WD,2
WD_B01-0266,WD_B01,WD,5
WD_B01-0267,WD_B01,WD,1
WD_B01-0268,WD_B01,WD,5
WD_B01-0269,WD_B01,WD,5
WD_B01-0270,WD_B01,WD,4
WD_B01-0271,WD_B01,WD,3
WD_B01-0272,WD_B01,WD,5
WD_B01-0273,WD_B01,WD,3
WD_B01-0274,WD_B01,WD,4
WD_B01-0275,WD_B01,WD,5
WD_B01-0276,WD_B01,WD,1
WD_B01-0277,WD_B01,WD,5
WD_B01-0278,WD_B01,WD,2
WD_B01-0279,WD_B01,WD,5
WD_B01-0280,WD_B01,WD,3
WD_B01-0281,WD_B01,WD,3
WD_B01-0282,WD_B01,WD,3
WD_B01-0283,WD_B01,WD,2
WD_B01-0284,WD_B01,WD,1
WD_B01-0285,WD_B01,WD,5
WD_B01-0286,WD_B01,WD,2
WD_B01-0287,WD_B01,WD,3
WD_B01-0288,WD_B01,WD,1
WD_B01-0289,WD_B01,WD,5
WD_B01-0290,WD_B01,WD,5
WD_B01-0291,WD_B01,WD,1
WD_B01-0292,WD_B01,WD,5
WD_B01-0293,WD_B01,WD,2
WD_B01-0294,WD_B01,WD,4
WD_B01-0295,WD_B01,WD,4
WD_B01-0296,WD_B01,WD,4
WD_B01-0297,WD_B01,WD,5
WD_B01-0298,WD_B01,WD,3
WD_B01-0299,WD_B01,WD,2
WD_B01-0300,WD_B01,WD,1
WD_B01-0301,WD_B01,WD,3
WD_B01-0302,WD_B01,WD,1
WD_B01-0303,WD_B01,WD,4
WD_B01-0304,WD_B01,WD,5
WD_B01-0305,WD_B01,WD,5
WD_B01-0306,WD_B01,WD,2
WD_B01-0307,WD_B01,WD,1
WD_B01-0308,WD_B01,WD,3
WD_B01-0309,WD_B01,WD,5
WD_B01-0310,WD_B01,WD,1
WD_B01-0311,WD_B01,WD,2
WD_B01-0312,WD_B01,WD,4
WD_B01-0313,WD_B01,WD,4
WD_B01-0314,WD_B01,WD,4
WD_B01-0315,WD_B01,WD,1
WD_B01-0316,WD_B01,WD,2
WD_B01-0317,WD_B01,WD,3
WD_B01-0318,WD_B01,WD,4
WD_B01-0319,WD_B01,WD,5
WD_B01-0320,WD_B01,WD,2
WD_B01-0321,WD_B01,WD,1
WD_B01-0322,WD_B01,WD,2
WD_B01-0323,WD_B01,WD,2
WD_B01-0324,WD_B01,WD,1
WD_B01-0325,WD_B01,WD,1
WD_B01-0326,WD_B01,WD,2
WD_B01-0327,WD_B01,WD,2
WD_B01-0328,WD_B01,WD,1
WD_B01-0329,WD_B01,WD,5
WD_B01-0330,WD_B01,WD,2
WD_B01-0331,WD_B01,WD,4
WD_B01-0332,WD_B01,WD,3
WD_B01-0333,WD_B01,WD,1
WD_B01-0334,WD_B01,WD,3
WD_B01-0335,WD_B01,WD,5
WD_B01-0336,WD_B01,WD,1
WD_B01-0337,WD_B01,WD,1
WD_B01-0338,WD_B01,WD,1
WD_B01-0339,WD_B01,WD,3
WD_B01-0341,WD_B01,WD,5
WD_B01-0342,WD_B01,WD,1
WD_B01-0343,WD_B01,WD,1
WD_B01-0344,WD_B01,WD,4
WD_B01-0345,WD_B01,WD,1
WD_B01-0346,WD_B01,WD,4
WD_B01-0347,WD_B01,WD,1
WD_B01-0348,WD_B01,WD,5
WD_B01-0349,WD_B01,WD,2
WD_B01-0350,WD_B01,WD,5
WD_B01-0351,WD_B01,WD,4
WD_B01-0352,WD_B01,WD,5
WD_B01-0353,WD_B01,WD,3
WD_B01-0354,WD_B01,WD,5
WD_B01-0355,WD_B01,WD,4
WD_B01-0356,WD_B01,WD,4
WD_B01-0357,WD_B01,WD,3
WD_B01-0358,WD_B01,WD,3
WD_B01-0359,WD_B01,WD,3
WD_B01-0360,WD_B01,WD,4
WD_B01-0361,WD_B01,WD,5
WD_B01-0362,WD_B01,WD,2
WD_B01-0363,WD_B01,WD,5
WD_B01-0364,WD_B01,WD,5
WD_B01-0366,WD_B01,WD,1
WD_B01-0367,WD_B01,WD,5
WD_B01-0368,WD_B01,WD,1
WD_B01-0369,WD_B01,WD,2
WD_B01-0370,WD_B01,WD,1
WD_B01-0371,WD_B01,WD,1
WD_B01-0372,WD_B01,WD,4
WD_B01-0374,WD_B01,WD,3
WD_B01-0375,WD_B01,WD,4
WD_B01-0376,WD_B01,WD,1
WD_B01-0377,WD_B01,WD,1
WD_B01-0378,WD_B01,WD,2
WD_B01-0379,WD_B01,WD,4
WD_B01-0380,WD_B01,WD,3
WD_B01-0381,WD_B01,WD,3
WD_B01-0382,WD_B01,WD,5
WD_B01-0383,WD_B01,WD,3
WD_B01-0385,WD_B01,WD,3
WD_B01-0386,WD_B01,WD,5
WD_B01-0387,WD_B01,WD,4
WD_B01-0388,WD_B01,WD,2
WD_B01-0389,WD_B01,WD,3
WD_B01-0390,WD_B01,WD,5
WD_B01-0391,WD_B01,WD,3
WD_B01-0392,WD_B01,WD,5
WD_B01-0393,WD_B01,WD,5
WD_B01-0394,WD_B01,WD,3
WD_B01-0396,WD_B01,WD,3
WD_B01-0397,WD_B01,WD,5
WD_B01-0398,WD_B01,WD,3
WD_B01-0399,WD_B01,WD,5
WD_B01-0400,WD_B01,WD,5
WD_B01-0401,WD_B01,WD,1
WD_B01-0402,WD_B01,WD,2
WD_B01-0403,WD_B01,WD,2
WD_B01-0404,WD_B01,WD,2
WD_B01-0405,WD_B01,WD,4
WD_B01-0406,WD_B01,WD,2
WD_B01-0408,WD_B01,WD,5
WD_B01-0410,WD_B01,WD,2
WD_B01-0411,WD_B01,WD,4
WD_B01-0412,WD_B01,WD,4
WD_B01-0415,WD_B01,WD,3
WD_B01-0416,WD_B01,WD,3
WD_B01-0417,WD_B01,WD,4
WD_B01-0418,WD_B01,WD,4
WD_B01-0419,WD_B01,WD,5
WD_B01-0420,WD_B01,WD,2
WD_B01-0421,WD_B01,WD,5
WD_B01-0422,WD_B01,WD,4
WD_B01-0423,WD_B01,WD,4
WD_B01-0424,WD_B01,WD,2
WD_B01-0425,WD_B01,WD,2
WD_B01-0426,WD_B01,WD,3
WD_B01-0427,WD_B01,WD,4
WD_B01-0428,WD_B01,WD,1
WD_B01-0429,WD_B01,WD,5
WD_B01-0430,WD_B01,WD,5
WD_B01-0432,WD_B01,WD,4
WD_B01-0433,WD_B01,WD,5
WD_B01-0434,WD_B01,WD,1
WD_B01-0435,WD_B01,WD,3
WD_B01-0437,WD_B01,WD,5
WD_B01-0438,WD_B01,WD,1
WD_B01-0439,WD_B01,WD,1
WD_B01-0440,WD_B01,WD,1
WD_B01-0441,WD_B01,WD,4
WD_B01-0442,WD_B01,WD,2
WD_B01-0443,WD_B01,WD,1
WD_B01-0444,WD_B01,WD,1
WD_B01-0445,WD_B01,WD,2
WD_B01-0446,WD_B01,WD,2
WD_B01-0447,WD_B01,WD,3
WD_B01-0449,WD_B01,WD,5
WD_B01-0450,WD_B01,WD,1
WD_B01-0451,WD_B01,WD,4
WD_B01-0452,WD_B01,WD,4
WD_B01-0453,WD_B01,WD,3
WD_B01-0454,WD_B01,WD,3
WD_B01-0455,WD_B01,WD,5
WD_B01-0456,WD_B01,WD,2
WD_B01-0457,WD_B01,WD,5
WD_B01-0458,WD_B01,WD,2
WD_B01-0459,WD_B01,WD,3
WD_B01-0460,WD_B01,WD,3
WD_B01-0461,WD_B01,WD,5
WD_B01-0462,WD_B01,WD,4
WD_B01-0463,WD_B01,WD,5
WD_B01-0464,WD_B01,WD,2
WD_B01-0465,WD_B01,WD,2
WD_B01-0466,WD_B01,WD,4
WD_B01-0467,WD_B01,WD,4
WD_B01-0468,WD_B01,WD,2
WD_B01-0469,WD_B01,WD,1
WD_B01-0470,WD_B01,WD,4
WD_B01-0471,WD_B01,WD,5
WD_B01-0472,WD_B01,WD,3
WD_B01-0473,WD_B01,WD,1
WD_B01-0474,WD_B01,WD,4
WD_B01-0475,WD_B01,WD,1
WD_B01-0476,WD_B01,WD,1
WD_B01-0477,WD_B01,WD,1
WD_B01-0478,WD_B01,WD,2
WD_B01-0479,WD_B01,WD,4
WD_B01-0480,WD_B01,WD,5
WD_B01-0481,WD_B01,WD,5
WD_B01-0482,WD_B01,WD,1
WD_B01-0483,WD_B01,WD,1
WD_B01-0484,WD_B01,WD,4
WD_B01-0485,WD_B01,WD,2
WD_B01-0486,WD_B01,WD,5
WD_B01-0487,WD_B01,WD,4
WD_B01-0489,WD_B01,WD,3
WD_B01-0490,WD_B01,WD,3
WD_B01-0491,WD_B01,WD,1
WD_B01-0492,WD_B01,WD,3
WD_B01-0493,WD_B01,WD,2
WD_B01-0494,WD_B01,WD,1
WD_B01-0495,WD_B01,WD,5
WD_B01-0496,WD_B01,WD,5
WD_B01-0497,WD_B01,WD,3
WD_B01-0498,WD_B01,WD,2
WD_B01-0499,WD_B01,WD,5
WD_B01-0500,WD_B01,WD,2
WD_B01-0501,WD_B01,WD,1
WD_B01-0502,WD_B01,WD,1
WD_B01-0503,WD_B01,WD,1
WD_B01-0504,WD_B01,WD,1
WD_B01-0505,WD_B01,WD,4
WD_B01-0506,WD_B01,WD,1
WD_B01-0507,WD_B01,WD,2
WD_B01-0508,WD_B01,WD,1
WD_B01-0509,WD_B01,WD,4
WD_B01-0510,WD_B01,WD,4
WD_B01-0511,WD_B01,WD,2
WD_B01-0512,WD_B01,WD,1
WD_B01-0513,WD_B01,WD,1
WD_B01-0514,WD_B01,WD,4
WD_B01-0515,WD_B01,WD,5
WD_B01-0516,WD_B01,WD,2
WD_B01-0517,WD_B01,WD,2
WD_B01-0518,WD_B01,WD,5
WD_B01-0519,WD_B01,WD,1
WD_B01-0520,WD_B01,WD,4
WD_B01-0521,WD_B01,WD,2
WD_B01-0522,WD_B01,WD,4
WD_B01-0523,WD_B01,WD,3
WD_B01-0524,WD_B01,WD,2
WD_B01-0525,WD_B01,WD,5
WD_B01-0526,WD_B01,WD,3
WD_B01-0527,WD_B01,WD,1
WD_B01-0528,WD_B01,WD,5
WD_B01-0529,WD_B01,WD,3
WD_B01-0530,WD_B01,WD,5
WD_B01-0531,WD_B01,WD,5
WD_B01-0532,WD_B01,WD,5
WD_B01-0533,WD_B01,WD,3
WD_B01-0534,WD_B01,WD,4
WD_B01-0535,WD_B01,WD,2
WD_B01-0536,WD_B01,WD,1
WD_B01-0537,WD_B01,WD,2
WD_B01-0538,WD_B01,WD,2
WD_B01-0539,WD_B01,WD,5
WD_B01-0540,WD_B01,WD,2
WD_B01-0541,WD_B01,WD,4
WD_B01-0542,WD_B01,WD,2
WD_B01-0543,WD_B01,WD,1
WD_B01-0545,WD_B01,WD,2
WD_B01-0546,WD_B01,WD,4
WD_B01-0547,WD_B01,WD,1
WD_B01-0548,WD_B01,WD,3
WD_B01-0549,WD_B01,WD,5
WD_B01-0550,WD_B01,WD,5
WD_B01-0551,WD_B01,WD,4
WD_B01-0552,WD_B01,WD,5
WD_B01-0553,WD_B01,WD,1
WD_B01-0554,WD_B01,WD,5
WD_B01-0555,WD_B01,WD,2
WD_B01-0556,WD_B01,WD,4
WD_B01-0557,WD_B01,WD,3
WD_B01-0558,WD_B01,WD,1
WD_B01-0559,WD_B01,WD,1
WD_B01-0560,WD_B01,WD,5
WD_B01-0561,WD_B01,WD,1
WD_B01-0562,WD_B01,WD,1
WD_B01-0565,WD_B01,WD,5
WD_B01-0566,WD_B01,WD,2
WD_B01-0567,WD_B01,WD,3
WD_B01-0568,WD_B01,WD,3
WD_B01-0569,WD_B01,WD,5
WD_B01-0570,WD_B01,WD,2
WD_B01-0572,WD_B01,WD,1
WD_B01-0573,WD_B01,WD,2
WD_B01-0574,WD_B01,WD,3
WD_B01-0575,WD_B01,WD,2
WD_B01-0576,WD_B01,WD,5
WD_B01-0577,WD_B01,WD,1
WD_B01-0578,WD_B01,WD,1
WD_B01-0579,WD_B01,WD,3
WD_B01-0580,WD_B01,WD,1
WD_B01-0581,WD_B01,WD,5
WD_B01-0582,WD_B01,WD,1
WD_B01-0583,WD_B01,WD,2
WD_B01-0584,WD_B01,WD,4
WD_B01-0585,WD_B01,WD,4
WD_B01-0586,WD_B01,WD,2
WD_B01-0587,WD_B01,WD,1
WD_B01-0588,WD_B01,WD,3
WD_B01-0589,WD_B01,WD,1
WD_B01-0590,WD_B01,WD,4
WD_B01-0591,WD_B01,WD,2
WD_B01-0592,WD_B01,WD,3
WD_B01-0593,WD_B01,WD,5
WD_B01-0594,WD_B01,WD,4
WD_B01-0596,WD_B01,WD,1
WD_B01-0597,WD_B01,WD,3
WD_B01-0598,WD_B01,WD,2
WD_B01-0599,WD_B01,WD,3
WD_B01-0600,WD_B01,WD,5
WD_B01-0601,WD_B01,WD,3
WD_B01-0602,WD_B01,WD,2
WD_B01-0603,WD_B01,WD,4
WD_B01-0604,WD_B01,WD,2
WD_B01-0605,WD_B01,WD,4
WD_B01-0606,WD_B01,WD,2
WD_B01-0608,WD_B01,WD,1
WD_B01-0609,WD_B01,WD,3
WD_B01-0610,WD_B01,WD,4
WD_B01-0611,WD_B01,WD,3
WD_B01-0612,WD_B01,WD,3
WD_B01-0613,WD_B01,WD,1
WD_B01-0614,WD_B01,WD,5
WD_B01-0616,WD_B01,WD,1
WD_B01-0617,WD_B01,WD,5
WD_B01-0618,WD_B01,WD,4
WD_B01-0619,WD_B01,WD,3
WD_B01-0622,WD_B01,WD,4
WD_B01-0623,WD_B01,WD,3
WD_B01-0624,WD_B01,WD,2
WD_B01-0625,WD_B01,WD,1
WD_B01-0626,WD_B01,WD,3
WD_B01-0627,WD_B01,WD,3
WD_B01-0628,WD_B01,WD,1
WD_B01-0629,WD_B01,WD,4
WD_B01-0630,WD_B01,WD,2
WD_B01-0631,WD_B01,WD,3
WD_B01-0632,WD_B01,WD,4
WD_B01-0633,WD_B01,WD,4
WD_B01-0634,WD_B01,WD,4
WD_B01-0635,WD_B01,WD,1
WD_B01-0636,WD_B01,WD,3
WD_B01-0637,WD_B01,WD,3
WD_B01-0639,WD_B01,WD,2
WD_B01-0640,WD_B01,WD,4
WD_B01-0641,WD_B01,WD,4
WD_B01-0642,WD_B01,WD,4
WD_B01-0643,WD_B01,WD,4
WD_B01-0644,WD_B01,WD,3
WD_B01-0645,WD_B01,WD,4
WD_B01-0646,WD_B01,WD,4
WD_B01-0647,WD_B01,WD,1
WD_B01-0648,WD_B01,WD,5
WD_B01-0649,WD_B01,WD,2
WD_B01-0650,WD_B01,WD,3
WD_B01-0651,WD_B01,WD,2
WD_B01-0652,WD_B01,WD,3
WD_B01-0653,WD_B01,WD,4
WD_B01-0654,WD_B01,WD,1
WD_B01-0655,WD_B01,WD,4
WD_B01-0656,WD_B01,WD,4
WD_B01-0657,WD_B01,WD,4
WD_B01-0658,WD_B01,WD,4
WD_B01-0659,WD_B01,WD,3
WD_B01-0660,WD_B01,WD,2
WD_B01-0661,WD_B01,WD,4
WD_B01-0662,WD_B01,WD,2
WD_B01-0663,WD_B01,WD,2
WD_B01-0664,WD_B01,WD,2
WD_B01-0665,WD_B01,WD,3
WD_B01-0666,WD_B01,WD,5
WD_B01-0667,WD_B01,WD,4
WD_B01-0668,WD_B01,WD,3
WD_B01-0669,WD_B01,WD,2
WD_B01-0670,WD_B01,WD,4
WD_B01-0671,WD_B01,WD,3
WD_B01-0672,WD_B01,WD,5
WD_B01-0673,WD_B01,WD,1
WD_B01-0674,WD_B01,WD,3
WD_B01-0675,WD_B01,WD,4
WD_B01-0676,WD_B01,WD,3
WD_B01-0677,WD_B01,WD,4
WD_B01-0679,WD_B01,WD,2
WD_B01-0680,WD_B01,WD,5
WD_B01-0681,WD_B01,WD,4
WD_B01-0684,WD_B01,WD,1
WD_B01-0685,WD_B01,WD,4
WD_B01-0686,WD_B01,WD,4
WD_B01-0687,WD_B01,WD,1
WD_B01-0688,WD_B01,WD,1
WD_B01-0689,WD_B01,WD,3
WD_B01-0690,WD_B01,WD,1
WD_B01-0691,WD_B01,WD,2
WD_B01-0694,WD_B01,WD,2
WD_B01-0695,WD_B01,WD,3
WD_B01-0696,WD_B01,WD,4
WD_B01-0697,WD_B01,WD,4
WD_B01-0698,WD_B01,WD,1
WD_B01-0699,WD_B01,WD,1
WD_B01-0700,WD_B01,WD,5
WD_B01-0701,WD_B01,WD,5
WD_B01-0702,WD_B01,WD,3
WD_B01-0703,WD_B01,WD,2
WD_B01-0704,WD_B01,WD,1
WD_B01-0705,WD_B01,WD,4
WD_B01-0707,WD_B01,WD,3
WD_B01-0708,WD_B01,WD,2
WD_B01-0709,WD_B01,WD,5
WD_B01-0710,WD_B01,WD,4
WD_B01-0712,WD_B01,WD,2
WD_B01-0714,WD_B01,WD,3
WD_B01-0715,WD_B01,WD,2
WD_B01-0716,WD_B01,WD,3
WD_B01-0717,WD_B01,WD,2
WD_B01-0720,WD_B01,WD,5
WD_B01-0721,WD_B01,WD,2
WD_B01-0722,WD_B01,WD,5
WD_B01-0723,WD_B01,WD,2
WD_B01-0725,WD_B01,WD,5
WD_B01-0726,WD_B01,WD,1
WD_B01-0727,WD_B01,WD,2
WD_B01-0728,WD_B01,WD,5
WD_B01-0729,WD_B01,WD,2
WD_B01-0730,WD_B01,WD,2
WD_B01-0731,WD_B01,WD,4
WD_B01-0732,WD_B01,WD,3
WD_B01-0733,WD_B01,WD,4
WD_B01-0735,WD_B01,WD,3
WD_B01-0736,WD_B01,WD,4
WD_B01-0737,WD_B01,WD,3
WD_B01-0738,WD_B01,WD,2
WD_B01-0740,WD_B01,WD,2
WD_B01-0741,WD_B01,WD,5
WJ_B01-0001,WJ_B01,WJ,5
WJ_B01-0002,WJ_B01,WJ,3
WJ_B01-0003,WJ_B01,WJ,4
WJ_B01-0004,WJ_B01,WJ,4
WJ_B01-0005,WJ_B01,WJ,1
WJ_B01-0006,WJ_B01,WJ,2
WJ_B01-0007,WJ_B01,WJ,4
WJ_B01-0008,WJ_B01,WJ,3
WJ_B01-0009,WJ_B01,WJ,3
WJ_B01-0010,WJ_B01,WJ,3
WJ_B01-0012,WJ_B01,WJ,5
WJ_B01-0013,WJ_B01,WJ,3
WJ_B01-0014,WJ_B01,WJ,5
WJ_B01-0015,WJ_B01,WJ,4
WJ_B01-0016,WJ_B01,WJ,5
WJ_B01-0017,WJ_B01,WJ,3
WJ_B01-0018,WJ_B01,WJ,1
WJ_B01-0019,WJ_B01,WJ,1
WJ_B01-0020,WJ_B01,WJ,3
WJ_B01-0021,WJ_B01,WJ,2
WJ_B01-0022,WJ_B01,WJ,3
WJ_B01-0023,WJ_B01,WJ,1
WJ_B01-0024,WJ_B01,WJ,2
WJ_B01-0025,WJ_B01,WJ,3
WJ_B01-0026,WJ_B01,WJ,5
WJ_B01-0027,WJ_B01,WJ,5
WJ_B01-0028,WJ_B01,WJ,5
WJ_B01-0029,WJ_B01,WJ,1
WJ_B01-0030,WJ_B01,WJ,4
WJ_B01-0033,WJ_B01,WJ,1
WJ_B01-0034,WJ_B01,WJ,2
WJ_B01-0036,WJ_B01,WJ,3
WJ_B01-0037,WJ_B01,WJ,4
WJ_B01-0038,WJ_B01,WJ,3
WJ_B01-0039,WJ_B01,WJ,3
WJ_B01-0040,WJ_B01,WJ,4
WJ_B01-0041,WJ_B01,WJ,1
WJ_B01-0042,WJ_B01,WJ,2
WJ_B01-0043,WJ_B01,WJ,1
WJ_B01-0044,WJ_B01,WJ,4
WJ_B01-0046,WJ_B01,WJ,2
WJ_B01-0047,WJ_B01,WJ,3
WJ_B01-0048,WJ_B01,WJ,3
WJ_B01-0049,WJ_B01,WJ,5
WJ_B01-0050,WJ_B01,WJ,5
WJ_B01-0051,WJ_B01,WJ,2
WJ_B01-0052,WJ_B01,WJ,1
WJ_B01-0053,WJ_B01,WJ,1
WJ_B01-0054,WJ_B01,WJ,3
WJ_B01-0055,WJ_B01,WJ,5
WJ_B01-0056,WJ_B01,WJ,2
WJ_B01-0057,WJ_B01,WJ,4
WJ_B01-0058,WJ_B01,WJ,2
WJ_B01-0059,WJ_B01,WJ,2
WJ_B01-0060,WJ_B01,WJ,3
WJ_B01-0061,WJ_B01,WJ,5
WJ_B01-0062,WJ_B01,WJ,5
WJ_B01-0063,WJ_B01,WJ,3
WJ_B01-0064,WJ_B01,WJ,4
WJ_B01-0065,WJ_B01,WJ,1
WJ_B01-0066,WJ_B01,WJ,3
WJ_B01-0067,WJ_B01,WJ,4
WJ_B01-0068,WJ_B01,WJ,3
WJ_B01-0069,WJ_B01,WJ,3
WJ_B01-0070,WJ_B01,WJ,2
WJ_B01-0072,WJ_B01,WJ,3
WJ_B01-0073,WJ_B01,WJ,1
WJ_B01-0074,WJ_B01,WJ,4
WJ_B01-0076,WJ_B01,WJ,5
WJ_B01-0077,WJ_B01,WJ,3
WJ_B01-0078,WJ_B01,WJ,1
WJ_B01-0079,WJ_B01,WJ,4
WJ_B01-0080,WJ_B01,WJ,2
WJ_B01-0081,WJ_B01,WJ,4
WJ_B01-0082,WJ_B01,WJ,1
WJ_B01-0083,WJ_B01,WJ,4
WJ_B01-0084,WJ_B01,WJ,5
WJ_B01-0085,WJ_B01,WJ,2
WJ_B01-0086,WJ_B01,WJ,2
WJ_B01-0087,WJ_B01,WJ,3
WJ_B01-0088,WJ_B01,WJ,5
WJ_B01-0089,WJ_B01,WJ,2
WJ_B01-0090,WJ_B01,WJ,4
WJ_B01-0091,WJ_B01,WJ,2
WJ_B01-0092,WJ_B01,WJ,4
WJ_B01-0093,WJ_B01,WJ,1
WJ_B01-0094,WJ_B01,WJ,4
WJ_B01-0095,WJ_B01,WJ,2
WJ_B01-0096,WJ_B01,WJ,5
WJ_B01-0098,WJ_B01,WJ,1
WJ_B01-0099,WJ_B01,WJ,3
WJ_B01-0100,WJ_B01,WJ,2
WJ_B01-0101,WJ_B01,WJ,5
WJ_B01-0102,WJ_B01,WJ,1
WJ_B01-0103,WJ_B01,WJ,5
WJ_B01-0104,WJ_B01,WJ,3
WJ_B01-0106,WJ_B01,WJ,2
WJ_B01-0107,WJ_B01,WJ,1
WJ_B01-0108,WJ_B01,WJ,5
WJ_B01-0109,WJ_B01,WJ,4
WJ_B01-0110,WJ_B01,WJ,2
WJ_B01-0111,WJ_B01,WJ,4
WJ_B01-0112,WJ_B01,WJ,4
WJ_B01-0113,WJ_B01,WJ,2
WJ_B01-0114,WJ_B01,WJ,1
WJ_B01-0115,WJ_B01,WJ,5
WJ_B01-0116,WJ_B01,WJ,5
WJ_B01-0117,WJ_B01,WJ,4
WJ_B01-0118,WJ_B01,WJ,3
WJ_B01-0119,WJ_B01,WJ,1
WJ_B01-0120,WJ_B01,WJ,1
WJ_B01-0121,WJ_B01,WJ,2
WJ_B01-0123,WJ_B01,WJ,1
WJ_B01-0124,WJ_B01,WJ,1
WJ_B01-0125,WJ_B01,WJ,5
WJ_B01-0126,WJ_B01,WJ,5
WJ_B01-0127,WJ_B01,WJ,1
WJ_B01-0128,WJ_B01,WJ,3
WJ_B01-0129,WJ_B01,WJ,4
WJ_B01-0130,WJ_B01,WJ,1
WJ_B01-0131,WJ_B01,WJ,3
WJ_B01-0132,WJ_B01,WJ,5
WJ_B01-0133,WJ_B01,WJ,1
WJ_B01-0134,WJ_B01,WJ,3
WJ_B01-0135,WJ_B01,WJ,1
WJ_B01-0136,WJ_B01,WJ,5
WJ_B01-0137,WJ_B01,WJ,5
WJ_B01-0138,WJ_B01,WJ,2
WJ_B01-0139,WJ_B01,WJ,4
WJ_B01-0140,WJ_B01,WJ,4
WJ_B01-0141,WJ_B01,WJ,3
WJ_B01-0142,WJ_B01,WJ,2
WJ_B01-0143,WJ_B01,WJ,1
WJ_B01-0144,WJ_B01,WJ,2
WJ_B01-0145,WJ_B01,WJ,1
WJ_B01-0147,WJ_B01,WJ,4
WJ_B01-0148,WJ_B01,WJ,3
WJ_B01-0150,WJ_B01,WJ,5
WJ_B01-0151,WJ_B01,WJ,4
WJ_B01-0152,WJ_B01,WJ,4
WJ_B01-0153,WJ_B01,WJ,3
WJ_B01-0154,WJ_B01,WJ,4
WJ_B01-0155,WJ_B01,WJ,4
WJ_B01-0156,WJ_B01,WJ,2
WJ_B01-0157,WJ_B01,WJ,2
WJ_B01-0158,WJ_B01,WJ,3
WJ_B01-0159,WJ_B01,WJ,4
WJ_B01-0160,WJ_B01,WJ,2
WJ_B01-0161,WJ_B01,WJ,3
WJ_B01-0162,WJ_B01,WJ,1
WJ_B01-0163,WJ_B01,WJ,2
WJ_B01-0164,WJ_B01,WJ,1
WJ_B01-0165,WJ_B01,WJ,5
WJ_B01-0166,WJ_B01,WJ,1
WJ_B01-0167,WJ_B01,WJ,4
WJ_B01-0168,WJ_B01,WJ,2
WJ_B01-0169,WJ_B01,WJ,5
WJ_B01-0170,WJ_B01,WJ,2
WJ_B01-0171,WJ_B01,WJ,3
WJ_B01-0172,WJ_B01,WJ,5
WJ_B01-0173,WJ_B01,WJ,1
WJ_B01-0174,WJ_B01,WJ,5
WJ_B01-0175,WJ_B01,WJ,3
WJ_B01-0176,WJ_B01,WJ,1
WJ_B01-0177,WJ_B01,WJ,4
WJ_B01-0178,WJ_B01,WJ,4
WJ_B01-0179,WJ_B01,WJ,2
WJ_B01-0180,WJ_B01,WJ,5
WJ_B01-0181,WJ_B01,WJ,2
WJ_B01-0182,WJ_B01,WJ,4
WJ_B01-0183,WJ_B01,WJ,5
WJ_B01-0184,WJ_B01,WJ,4
WJ_B01-0185,WJ_B01,WJ,3
WJ_B01-0186,WJ_B01,WJ,2
WJ_B01-0187,WJ_B01,WJ,1
WJ_B01-0188,WJ_B01,WJ,1
WJ_B01-0189,WJ_B01,WJ,4
WJ_B01-0190,WJ_B01,WJ,3
WJ_B01-0191,WJ_B01,WJ,1
WJ_B01-0192,WJ_B01,WJ,2
WJ_B01-0194,WJ_B01,WJ,1
WJ_B01-0195,WJ_B01,WJ,4
WJ_B01-0196,WJ_B01,WJ,4
WJ_B01-0197,WJ_B01,WJ,5
WJ_B01-0198,WJ_B01,WJ,4
WJ_B01-0199,WJ_B01,WJ,4
WJ_B01-0200,WJ_B01,WJ,3
WJ_B01-0201,WJ_B01,WJ,4
WJ_B01-0203,WJ_B01,WJ,5
WJ_B01-0204,WJ_B01,WJ,4
WJ_B01-0205,WJ_B01,WJ,4
WJ_B01-0206,WJ_B01,WJ,4
WJ_B01-0207,WJ_B01,WJ,5
WJ_B01-0208,WJ_B01,WJ,4
WJ_B01-0209,WJ_B01,WJ,2
WJ_B01-0210,WJ_B01,WJ,4
WJ_B01-0211,WJ_B01,WJ,2
WJ_B01-0212,WJ_B01,WJ,2
WJ_B01-0213,WJ_B01,WJ,2
WJ_B01-0217,WJ_B01,WJ,3
WJ_B01-0218,WJ_B01,WJ,2
WJ_B01-0219,WJ_B01,WJ,2
WJ_B01-0220,WJ_B01,WJ,4
WJ_B01-0221,WJ_B01,WJ,4
WJ_B01-0222,WJ_B01,WJ,5
WJ_B01-0223,WJ_B01,WJ,1
WJ_B01-0224,WJ_B01,WJ,5
WJ_B01-0225,WJ_B01,WJ,4
WJ_B01-0226,WJ_B01,WJ,5
WJ_B01-0227,WJ_B01,WJ,1
WJ_B01-0228,WJ_B01,WJ,3
WJ_B01-0229,WJ_B01,WJ,5
WJ_B01-0230,WJ_B01,WJ,5
WJ_B01-0231,WJ_B01,WJ,1
WJ_B01-0232,WJ_B01,WJ,3
WJ_B01-0233,WJ_B01,WJ,1
WJ_B01-0234,WJ_B01,WJ,2
WJ_B01-0235,WJ_B01,WJ,1
WJ_B01-0236,WJ_B01,WJ,3
WJ_B01-0237,WJ_B01,WJ,3
WJ_B01-0238,WJ_B01,WJ,3
WJ_B01-0240,WJ_B01,WJ,5
WJ_B01-0241,WJ_B01,WJ,4
WJ_B01-0242,WJ_B01,WJ,1
WJ_B01-0244,WJ_B01,WJ,4
WJ_B01-0245,WJ_B01,WJ,4
WJ_B01-0246,WJ_B01,WJ,5
WJ_B01-0247,WJ_B01,WJ,5
WJ_B01-0248,WJ_B01,WJ,2
WJ_B01-0249,WJ_B01,WJ,1
WJ_B01-0250,WJ_B01,WJ,3
WJ_B01-0251,WJ_B01,WJ,5
WJ_B01-0253,WJ_B01,WJ,4
WJ_B01-0255,WJ_B01,WJ,5
WJ_B01-0256,WJ_B01,WJ,5
WJ_B01-0257,WJ_B01,WJ,2
WJ_B01-0259,WJ_B01,WJ,3
WJ_B01-0260,WJ_B01,WJ,1
WJ_B01-0261,WJ_B01,WJ,4
WJ_B01-0264,WJ_B01,WJ,2
WJ_B01-0265,WJ_B01,WJ,4
WJ_B01-0267,WJ_B01,WJ,1
WJ_B01-0268,WJ_B01,WJ,3
WJ_B01-0269,WJ_B01,WJ,3
WJ_B01-0270,WJ_B01,WJ,5
WJ_B01-0271,WJ_B01,WJ,4
WJ_B01-0272,WJ_B01,WJ,3
WJ_B01-0273,WJ_B01,WJ,5
WJ_B01-0275,WJ_B01,WJ,3
WJ_B01-0276,WJ_B01,WJ,2
WJ_B01-0277,WJ_B01,WJ,2
WJ_B01-0278,WJ_B01,WJ,5
WJ_B01-0280,WJ_B01,WJ,1
WJ_B01-0281,WJ_B01,WJ,3
WJ_B01-0282,WJ_B01,WJ,1
WJ_B01-0283,WJ_B01,WJ,5
WJ_B01-0284,WJ_B01,WJ,2
WJ_B01-0285,WJ_B01,WJ,1
WJ_B01-0286,WJ_B01,WJ,2
WJ_B01-0287,WJ_B01,WJ,1
WJ_B01-0288,WJ_B01,WJ,5
WJ_B01-0289,WJ_B01,WJ,3
WJ_B01-0290,WJ_B01,WJ,4
WJ_B01-0291,WJ_B01,WJ,3
WJ_B01-0292,WJ_B01,WJ,5
WJ_B01-0293,WJ_B01,WJ,2
WJ_B01-0294,WJ_B01,WJ,2
WJ_B01-0295,WJ_B01,WJ,4
WJ_B01-0296,WJ_B01,WJ,1
WJ_B01-0297,WJ_B01,WJ,5
WJ_B01-0298,WJ_B01,WJ,1
WJ_B01-0299,WJ_B01,WJ,1
WJ_B01-0300,WJ_B01,WJ,2
WJ_B01-0301,WJ_B01,WJ,2
WJ_B01-0302,WJ_B01,WJ,4
WJ_B01-0303,WJ_B01,WJ,2
WJ_B01-0304,WJ_B01,WJ,2
WJ_B01-0305,WJ_B01,WJ,3
WJ_B01-0306,WJ_B01,WJ,3
WJ_B01-0308,WJ_B01,WJ,1
WJ_B01-0309,WJ_B01,WJ,2
WJ_B01-0310,WJ_B01,WJ,1
WJ_B01-0312,WJ_B01,WJ,5
WJ_B01-0313,WJ_B01,WJ,4
WJ_B01-0314,WJ_B01,WJ,2
WJ_B01-0315,WJ_B01,WJ,3
WJ_B01-0316,WJ_B01,WJ,3
WJ_B01-0317,WJ_B01,WJ,5
WJ_B01-0318,WJ_B01,WJ,4
WJ_B01-0319,WJ_B01,WJ,5
WJ_B01-0320,WJ_B01,WJ,3
WJ_B01-0321,WJ_B01,WJ,5
WJ_B01-0322,WJ_B01,WJ,2
WJ_B01-0323,WJ_B01,WJ,5
WJ_B01-0324,WJ_B01,WJ,3
WJ_B01-0325,WJ_B01,WJ,1
WJ_B01-0326,WJ_B01,WJ,2
WJ_B01-0327,WJ_B01,WJ,3
WJ_B01-0328,WJ_B01,WJ,2
WJ_B01-0329,WJ_B01,WJ,5
WJ_B01-0330,WJ_B01,WJ,2
WJ_B01-0331,WJ_B01,WJ,3
WJ_B01-0332,WJ_B01,WJ,2
WJ_B01-0333,WJ_B01,WJ,1
WJ_B01-0334,WJ_B01,WJ,1
WJ_B01-0335,WJ_B01,WJ,4
WJ_B01-0336,WJ_B01,WJ,5
WJ_B01-0337,WJ_B01,WJ,1
WJ_B01-0338,WJ_B01,WJ,5
WJ_B01-0340,WJ_B01,WJ,5
WJ_B01-0341,WJ_B01,WJ,1
WJ_B01-0342,WJ_B01,WJ,2
WJ_B01-0343,WJ_B01,WJ,4
WJ_B01-0344,WJ_B01,WJ,1
WJ_B01-0345,WJ_B01,WJ,1
WJ_B01-0346,WJ_B01,WJ,3
WJ_B01-0347,WJ_B01,WJ,1
WJ_B01-0348,WJ_B01,WJ,2
WJ_B01-0349,WJ_B01,WJ,5
WJ_B01-0350,WJ_B01,WJ,3
WW_B01-0001,WW_B01,WW,4
WW_B01-0002,WW_B01,WW,3
WW_B01-0003,WW_B01,WW,5
WW_B01-0005,WW_B01,WW,4
WW_B01-0006,WW_B01,WW,2
WW_B01-0007,WW_B01,WW,5
WW_B01-0008,WW_B01,WW,2
WW_B01-0009,WW_B01,WW,5
WW_B01-0010,WW_B01,WW,1
WW_B01-0011,WW_B01,WW,2
WW_B01-0012,WW_B01,WW,1
WW_B01-0013,WW_B01,WW,2
WW_B01-0014,WW_B01,WW,3
WW_B01-0015,WW_B01,WW,1
WW_B01-0017,WW_B01,WW,3
WW_B01-0018,WW_B01,WW,1
WW_B01-0019,WW_B01,WW,1
WW_B01-0020,WW_B01,WW,1
WW_B01-0021,WW_B01,WW,3
WW_B01-0022,WW_B01,WW,3
WW_B01-0023,WW_B01,WW,1
WW_B01-0024,WW_B01,WW,2
WW_B01-0025,WW_B01,WW,5
WW_B01-0026,WW_B01,WW,3
WW_B01-0027,WW_B01,WW,3
WW_B01-0028,WW_B01,WW,5
WW_B01-0029,WW_B01,WW,2
WW_B01-0030,WW_B01,WW,2
WW_B01-0031,WW_B01,WW,3
WW_B01-0032,WW_B01,WW,2
WW_B01-0033,WW_B01,WW,3
WW_B01-0036,WW_B01,WW,5
WW_B01-0037,WW_B01,WW,3
WW_B01-0038,WW_B01,WW,4
WW_B01-0040,WW_B01,WW,5
WW_B01-0041,WW_B01,WW,3
WW_B01-0042,WW_B01,WW,1
WW_B01-0043,WW_B01,WW,3
WW_B01-0044,WW_B01,WW,4
WW_B01-0045,WW_B01,WW,2
WW_B01-0046,WW_B01,WW,1
WW_B01-0049,WW_B01,WW,3
WW_B01-0050,WW_B01,WW,4
WW_B01-0051,WW_B01,WW,5
WW_B01-0052,WW_B01,WW,2
WW_B01-0053,WW_B01,WW,5
WW_B01-0054,WW_B01,WW,5
WW_B01-0055,WW_B01,WW,3
WW_B01-0056,WW_B01,WW,3
WW_B01-0057,WW_B01,WW,2
WW_B01-0059,WW_B01,WW,5
WW_B01-0060,WW_B01,WW,1
WW_B01-0062,WW_B01,WW,2
WW_B01-0063,WW_B01,WW,3
WW_B01-0064,WW_B01,WW,3
WW_B01-0067,WW_B01,WW,2
WW_B01-0068,WW_B01,WW,4
WW_B01-0069,WW_B01,WW,5
WW_B01-0070,WW_B01,WW,2
WW_B01-0071,WW_B01,WW,3
WW_B01-0072,WW_B01,WW,1
WW_B01-0073,WW_B01,WW,1
WW_B01-0074,WW_B01,WW,2
WW_B01-0075,WW_B01,WW,3
WW_B01-0076,WW_B01,WW,3
WW_B01-0077,WW_B01,WW,4
WW_B01-0078,WW_B01,WW,4
WW_B01-0079,WW_B01,WW,1
WW_B01-0080,WW_B01,WW,4
WW_B01-0082,WW_B01,WW,2
WW_B01-0083,WW_B01,WW,1
WW_B01-0084,WW_B01,WW,3
WW_B01-0085,WW_B01,WW,5
WW_B01-0086,WW_B01,WW,1
WW_B01-0087,WW_B01,WW,5
WW_B01-0088,WW_B01,WW,1
WW_B01-0089,WW_B01,WW,3
WW_B01-0090,WW_B01,WW,1
WW_B01-0091,WW_B01,WW,1
WW_B01-0093,WW_B01,WW,5
WW_B01-0094,WW_B01,WW,3
WW_B01-0095,WW_B01,WW,5
WW_B01-0097,WW_B01,WW,4
WW_B01-0098,WW_B01,WW,2
WW_B01-0099,WW_B01,WW,5
WW_B01-0100,WW_B01,WW,5
WW_B01-0101,WW_B01,WW,3
WW_B01-0102,WW_B01,WW,3
WW_B01-0103,WW_B01,WW,3
WW_B01-0104,WW_B01,WW,5
WW_B01-0105,WW_B01,WW,5
WW_B01-0106,WW_B01,WW,2
WW_B01-0107,WW_B01,WW,4
WW_B01-0108,WW_B01,WW,3
WW_B01-0109,WW_B01,WW,1
WW_B01-0110,WW_B01,WW,3
WW_B01-0111,WW_B01,WW,2
WW_B01-0112,WW_B01,WW,5
WW_B01-0113,WW_B01,WW,3
WW_B01-0115,WW_B01,WW,3
WW_B01-0116,WW_B01,WW,3
WW_B01-0117,WW_B01,WW,5
WW_B01-0118,WW_B01,WW,1
WW_B01-0119,WW_B01,WW,4
WW_B01-0120,WW_B01,WW,2
WW_B01-0121,WW_B01,WW,2
WW_B01-0122,WW_B01,WW,3
WW_B01-0123,WW_B01,WW,2
WW_B01-0124,WW_B01,WW,3
WW_B01-0125,WW_B01,WW,2
WW_B01-0126,WW_B01,WW,1
WW_B01-0127,WW_B01,WW,1
WW_B01-0128,WW_B01,WW,2
WW_B01-0129,WW_B01,WW,4
WW_B01-0130,WW_B01,WW,4
WW_B01-0131,WW_B01,WW,1
WW_B01-0132,WW_B01,WW,5
WW_B01-0133,WW_B01,WW,1
WW_B01-0134,WW_B01,WW,5
WW_B01-0135,WW_B01,WW,2
WW_B01-0136,WW_B01,WW,2
WW_B01-0137,WW_B01,WW,4
WW_B01-0138,WW_B01,WW,3
WW_B01-0140,WW_B01,WW,4
WW_B01-0141,WW_B01,WW,1
WW_B01-0142,WW_B01,WW,4
WW_B01-0143,WW_B01,WW,2
WW_B01-0144,WW_B01,WW,5
WW_B01-0145,WW_B01,WW,2
WW_B01-0146,WW_B01,WW,3
WW_B01-0147,WW_B01,WW,5
WW_B01-0149,WW_B01,WW,4
WW_B01-0150,WW_B01,WW,3
WW_B01-0151,WW_B01,WW,2
WW_B01-0153,WW_B01,WW,5
WW_B01-0154,WW_B01,WW,2
WW_B01-0155,WW_B01,WW,3
WW_B01-0157,WW_B01,WW,1
WW_B01-0158,WW_B01,WW,4
WW_B01-0159,WW_B01,WW,2
WW_B01-0162,WW_B01,WW,4
WW_B01-0163,WW_B01,WW,5
WW_B01-0166,WW_B01,WW,2
WW_B01-0168,WW_B01,WW,4
WW_B01-0169,WW_B01,WW,2
WW_B01-0170,WW_B01,WW,2
WW_B01-0171,WW_B01,WW,4
WW_B01-0172,WW_B01,WW,1
WW_B01-0174,WW_B01,WW,2
WW_B01-0176,WW_B01,WW,1
WW_B01-0177,WW_B01,WW,1
WW_B01-0178,WW_B01,WW,3
WW_B01-0179,WW_B01,WW,1
WW_B01-0180,WW_B01,WW,4
WW_B01-0181,WW_B01,WW,4
WW_B01-0182,WW_B01,WW,5
WW_B01-0183,WW_B01,WW,5
WW_B01-0184,WW_B01,WW,3
WW_B01-0185,WW_B01,WW,3
WW_B01-0186,WW_B01,WW,2
WW_B01-0187,WW_B01,WW,2
WW_B01-0188,WW_B01,WW,1
WW_B01-0189,WW_B01,WW,4
WW_B01-0190,WW_B01,WW,1
WW_B01-0191,WW_B01,WW,5
WW_B01-0192,WW_B01,WW,4
WW_B01-0193,WW_B01,WW,2
WW_B01-0194,WW_B01,WW,5
WW_B01-0196,WW_B01,WW,4
WW_B01-0197,WW_B01,WW,2
WW_B01-0198,WW_B01,WW,5
WW_B01-0199,WW_B01,WW,3
WW_B01-0200,WW_B01,WW,1
WW_B01-0201,WW_B01,WW,5
WW_B01-0202,WW_B01,WW,2
WW_B01-0203,WW_B01,WW,3
WW_B01-0204,WW_B01,WW,3
WW_B01-0207,WW_B01,WW,2
WW_B01-0208,WW_B01,WW,5
WW_B01-0209,WW_B01,WW,2
WW_B01-0210,WW_B01,WW,1
WW_B01-0211,WW_B01,WW,2
WW_B01-0212,WW_B01,WW,2
WW_B01-0213,WW_B01,WW,2
WW_B01-0214,WW_B01,WW,2
WW_B01-0215,WW_B01,WW,1
WW_B01-0216,WW_B01,WW,4
WW_B01-0217,WW_B01,WW,2
WW_B01-0218,WW_B01,WW,4
WW_B01-0219,WW_B01,WW,2
WW_B01-0220,WW_B01,WW,5
WW_B01-0221,WW_B01,WW,2
WW_B01-0222,WW_B01,WW,4
WW_B01-0223,WW_B01,WW,4
WW_B01-0224,WW_B01,WW,3
WW_B01-0225,WW_B01,WW,1
WW_B01-0226,WW_B01,WW,5
WW_B01-0227,WW_B01,WW,5
WW_B01-0228,WW_B01,WW,3
WW_B01-0229,WW_B01,WW,4
WW_B01-0230,WW_B01,WW,1
WW_B01-0231,WW_B01,WW,5
WW_B01-0232,WW_B01,WW,1
WW_B01-0233,WW_B01,WW,4
WW_B01-0234,WW_B01,WW,4
WW_B01-0235,WW_B01,WW,1
WW_B01-0236,WW_B01,WW,1
WW_B01-0237,WW_B01,WW,1
WW_B01-0238,WW_B01,WW,3
WW_B01-0239,WW_B01,WW,4
WW_B01-0240,WW_B01,WW,3
WW_B01-0241,WW_B01,WW,4
WW_B01-0242,WW_B01,WW,1
WW_B01-0243,WW_B01,WW,4
WW_B01-0244,WW_B01,WW,4
WW_B01-0245,WW_B01,WW,1
WW_B01-0247,WW_B01,WW,2
WW_B01-0248,WW_B01,WW,5
WW_B01-0249,WW_B01,WW,3
WW_B01-0250,WW_B01,WW,5
WW_B01-0251,WW_B01,WW,5
WW_B01-0252,WW_B01,WW,2
WW_B01-0253,WW_B01,WW,1
WW_B01-0254,WW_B01,WW,2
WW_B01-0255,WW_B01,WW,4
WW_B01-0256,WW_B01,WW,1
WW_B01-0257,WW_B01,WW,3
WW_B01-0258,WW_B01,WW,2
WW_B01-0259,WW_B01,WW,3
WW_B01-0260,WW_B01,WW,5
WW_B01-0261,WW_B01,WW,3
WW_B01-0262,WW_B01,WW,5
WW_B01-0263,WW_B01,WW,5
WW_B01-0264,WW_B01,WW,1
WW_B01-0265,WW_B01,WW,3
WW_B01-0266,WW_B01,WW,5
WW_B01-0267,WW_B01,WW,1
WW_B01-0268,WW_B01,WW,4
WW_B01-0269,WW_B01,WW,4
WW_B01-0270,WW_B01,WW,4
WW_B01-0271,WW_B01,WW,4
WW_B01-0272,WW_B01,WW,5
WW_B01-0273,WW_B01,WW,1
WW_B01-0277,WW_B01,WW,4
WW_B01-0278,WW_B01,WW,3
WW_B01-0279,WW_B01,WW,2
WW_B01-0280,WW_B01,WW,3
WW_B01-0282,WW_B01,WW,2
WW_B01-0283,WW_B01,WW,4
WW_B01-0284,WW_B01,WW,1
WW_B01-0285,WW_B01,WW,4
WW_B01-0286,WW_B01,WW,5
WW_B01-0287,WW_B01,WW,4
WW_B01-0288,WW_B01,WW,5
WW_B01-0289,WW_B01,WW,3
WW_B01-0290,WW_B01,WW,3
WW_B01-0291,WW_B01,WW,1
WW_B01-0292,WW_B01,WW,4
WW_B01-0293,WW_B01,WW,4
WW_B01-0294,WW_B01,WW,4
WW_B01-0295,WW_B01,WW,4
WW_B01-0296,WW_B01,WW,3
WW_B01-0297,WW_B01,WW,5
WW_B01-0298,WW_B01,WW,2
WW_B01-0299,WW_B01,WW,3
WW_B01-0300,WW_B01,WW,3
WW_B01-0301,WW_B01,WW,4
WW_B01-0302,WW_B01,WW,4
WW_B01-0303,WW_B01,WW,3
WW_B01-0304,WW_B01,WW,1
WW_B01-0305,WW_B01,WW,1
WW_B01-0306,WW_B01,WW,1
WW_B01-0307,WW_B01,WW,1
WW_B01-0308,WW_B01,WW,5
WW_B01-0309,WW_B01,WW,2
WW_B01-0310,WW_B01,WW,3
WW_B01-0311,WW_B01,WW,4
WW_B01-0313,WW_B01,WW,3
WW_B01-0314,WW_B01,WW,2
WW_B01-0315,WW_B01,WW,1
WW_B01-0316,WW_B01,WW,2
WW_B01-0317,WW_B01,WW,1
WW_B01-0318,WW_B01,WW,4
WW_B01-0319,WW_B01,WW,5
WW_B01-0320,WW_B01,WW,3
WW_B01-0321,WW_B01,WW,5
WW_B01-0322,WW_B01,WW,5
WW_B01-0323,WW_B01,WW,1
WW_B01-0325,WW_B01,WW,5
WW_B01-0326,WW_B01,WW,4
WW_B01-0327,WW_B01,WW,4
WW_B01-0328,WW_B01,WW,3
WW_B01-0329,WW_B01,WW,1
WW_B01-0330,WW_B01,WW,2
WW_B01-0331,WW_B01,WW,2
WW_B01-0332,WW_B01,WW,3
WW_B01-0333,WW_B01,WW,4
WW_B01-0334,WW_B01,WW,5
WW_B01-0335,WW_B01,WW,4
WW_B01-0336,WW_B01,WW,1
WW_B01-0337,WW_B01,WW,1
WW_B01-0338,WW_B01,WW,2
WW_B01-0339,WW_B01,WW,5
WW_B01-0340,WW_B01,WW,1
WW_B01-0341,WW_B01,WW,3
WW_B01-0342,WW_B01,WW,2
WW_B01-0343,WW_B01,WW,4
WW_B01-0344,WW_B01,WW,2
WW_B01-0346,WW_B01,WW,1
WW_B01-0347,WW_B01,WW,1
WW_B01-0348,WW_B01,WW,3
WW_B01-0349,WW_B01,WW,3
WW_B01-0350,WW_B01,WW,5
WW_B02-0001,WW_B02,WW,2
WW_B02-0003,WW_B02,WW,5
WW_B02-0004,WW_B02,WW,4
WW_B02-0006,WW_B02,WW,4
WW_B02-0007,WW_B02,WW,1
WW_B02-0008,WW_B02,WW,4
WW_B02-0009,WW_B02,WW,5
WW_B02-0010,WW_B02,WW,5
WW_B02-0011,WW_B02,WW,5
WW_B02-0012,WW_B02,WW,3
WW_B02-0013,WW_B02,WW,4
WW_B02-0014,WW_B02,WW,1
WW_B02-0018,WW_B02,WW,5
WW_B02-0019,WW_B02,WW,3
WW_B02-0020,WW_B02,WW,1
WW_B02-0021,WW_B02,WW,5
WW_B02-0022,WW_B02,WW,1
WW_B02-0023,WW_B02,WW,5
WW_B02-0024,WW_B02,WW,3
WW_B02-0025,WW_B02,WW,5
WW_B02-0026,WW_B02,WW,4
WW_B02-0027,WW_B02,WW,3
WW_B02-0028,WW_B02,WW,5
WW_B02-0029,WW_B02,WW,3
WW_B02-0031,WW_B02,WW,3
WW_B02-0032,WW_B02,WW,1
WW_B02-0033,WW_B02,WW,4
WW_B02-0035,WW_B02,WW,4
WW_B02-0037,WW_B02,WW,3
WW_B02-0040,WW_B02,WW,1
WW_B02-0041,WW_B02,WW,3
WW_B02-0042,WW_B02,WW,5
WW_B02-0043,WW_B02,WW,4
WW_B02-0044,WW_B02,WW,4
WW_B02-0045,WW_B02,WW,2
WW_B02-0046,WW_B02,WW,4
WW_B02-0047,WW_B02,WW,4
WW_B02-0049,WW_B02,WW,2
WW_B02-0050,WW_B02,WW,5
WW_B02-0052,WW_B02,WW,1
WW_B02-0053,WW_B02,WW,2
WW_B02-0055,WW_B02,WW,5
WW_B02-0057,WW_B02,WW,3
WW_B02-0058,WW_B02,WW,5
WW_B02-0061,WW_B02,WW,2
WW_B02-0062,WW_B02,WW,2
WW_B02-0063,WW_B02,WW,5
WW_B02-0064,WW_B02,WW,2
WW_B02-0065,WW_B02,WW,4
WW_B02-0066,WW_B02,WW,2
WW_B02-0067,WW_B02,WW,5
WW_B02-0068,WW_B02,WW,1
WW_B02-0069,WW_B02,WW,5
WW_B02-0070,WW_B02,WW,3
WW_B02-0071,WW_B02,WW,5
WW_B02-0072,WW_B02,WW,2
WW_B02-0073,WW_B02,WW,1
WW_B02-0074,WW_B02,WW,4
WW_B02-0076,WW_B02,WW,4
WW_B02-0077,WW_B02,WW,2
WW_B02-0078,WW_B02,WW,1
WW_B02-0079,WW_B02,WW,3
WW_B02-0080,WW_B02,WW,1
WW_B02-0081,WW_B02,WW,3
WW_B02-0083,WW_B02,WW,3
WW_B02-0084,WW_B02,WW,1
WW_B02-0085,WW_B02,WW,3
WW_B02-0086,WW_B02,WW,2
WW_B02-0087,WW_B02,WW,5
WW_B02-0088,WW_B02,WW,1
WW_B02-0089,WW_B02,WW,1
WW_B02-0090,WW_B02,WW,5
WW_B02-0091,WW_B02,WW,3
WW_B02-0092,WW_B02,WW,2
WW_B02-0093,WW_B02,WW,1
WW_B02-0094,WW_B02,WW,1
WW_B02-0095,WW_B02,WW,1
WW_B02-0096,WW_B02,WW,4
WW_B02-0097,WW_B02,WW,1
WW_B02-0098,WW_B02,WW,5
WW_B02-0099,WW_B02,WW,5
WW_B02-0100,WW_B02,WW,4
WW_B02-0101,WW_B02,WW,1
WW_B02-0102,WW_B02,WW,2
WW_B02-0104,WW_B02,WW,1
WW_B02-0105,WW_B02,WW,4
WW_B02-0106,WW_B02,WW,2
WW_B02-0108,WW_B02,WW,5
WW_B02-0109,WW_B02,WW,4
WW_B02-0110,WW_B02,WW,4
WW_B02-0111,WW_B02,WW,1
WW_B02-0112,WW_B02,WW,2
WW_B02-0113,WW_B02,WW,5
WW_B02-0114,WW_B02,WW,1
WW_B02-0115,WW_B02,WW,4
WW_B02-0117,WW_B02,WW,3
WW_B02-0118,WW_B02,WW,4
WW_B02-0119,WW_B02,WW,2
WW_B02-0120,WW_B02,WW,1
WW_B02-0121,WW_B02,WW,4
WW_B02-0122,WW_B02,WW,2
WW_B02-0123,WW_B02,WW,5
WW_B02-0124,WW_B02,WW,5
WW_B02-0125,WW_B02,WW,4
WW_B02-0126,WW_B02,WW,2
WW_B02-0127,WW_B02,WW,3
WW_B02-0128,WW_B02,WW,4
WW_B02-0129,WW_B02,WW,5
WW_B02-0130,WW_B02,WW,1
WW_B02-0131,WW_B02,WW,2
WW_B02-0132,WW_B02,WW,5
WW_B02-0133,WW_B02,WW,4
WW_B02-0135,WW_B02,WW,2
WW_B02-0136,WW_B02,WW,5
WW_B02-0137,WW_B02,WW,1
WW_B02-0138,WW_B02,WW,2
WW_B02-0139,WW_B02,WW,4
WW_B02-0140,WW_B02,WW,1
WW_B02-0141,WW_B02,WW,3
WW_B02-0142,WW_B02,WW,3
WW_B02-0145,WW_B02,WW,1
WW_B02-0146,WW_B02,WW,2
WW_B02-0147,WW_B02,WW,5
WW_B02-0148,WW_B02,WW,1
WW_B02-0149,WW_B02,WW,2
WW_B02-0150,WW_B02,WW,1
WW_B02-0152,WW_B02,WW,5
WW_B02-0153,WW_B02,WW,5
WW_B02-0154,WW_B02,WW,5
WW_B02-0155,WW_B02,WW,4
WW_B02-0156,WW_B02,WW,1
WW_B02-0157,WW_B02,WW,3
WW_B02-0158,WW_B02,WW,4
WW_B02-0159,WW_B02,WW,3
WW_B02-0160,WW_B02,WW,1
WW_B02-0161,WW_B02,WW,3
WW_B02-0162,WW_B02,WW,2
WW_B02-0163,WW_B02,WW,2
WW_B02-0164,WW_B02,WW,2
WW_B02-0165,WW_B02,WW,3
WW_B02-0167,WW_B02,WW,3
WW_B02-0168,WW_B02,WW,3
WW_B02-0169,WW_B02,WW,3
WW_B02-0170,WW_B02,WW,5
WW_B02-0171,WW_B02,WW,4
WW_B02-0173,WW_B02,WW,4
WW_B02-0174,WW_B02,WW,1
WW_B02-0175,WW_B02,WW,1
WW_B02-0176,WW_B02,WW,2
WW_B02-0177,WW_B02,WW,2
WW_B02-0178,WW_B02,WW,5
WW_B02-0179,WW_B02,WW,4
WW_B02-0180,WW_B02,WW,5
WW_B02-0181,WW_B02,WW,5
WW_B02-0182,WW_B02,WW,2
WW_B02-0183,WW_B02,WW,4
WW_B02-0184,WW_B02,WW,2
WW_B02-0185,WW_B02,WW,3
WW_B02-0186,WW_B02,WW,5
WW_B02-0187,WW_B02,WW,4
WW_B02-0188,WW_B02,WW,4
WW_B02-0189,WW_B02,WW,4
WW_B02-0190,WW_B02,WW,5
WW_B02-0191,WW_B02,WW,2
WW_B02-0193,WW_B02,WW,2
WX_B01-0001,WX_B01,WX,5
WX_B01-0002,WX_B01,WX,2
WX_B01-0003,WX_B01,WX,1
WX_B01-0004,WX_B01,WX,1
WX_B01-0005,WX_B01,WX,5
WX_B01-0006,WX_B01,WX,4
WX_B01-0007,WX_B01,WX,4
WX_B01-0008,WX_B01,WX,2
WX_B01-0009,WX_B01,WX,4
WX_B01-0010,WX_B01,WX,1
WX_B01-0011,WX_B01,WX,2
WX_B01-0012,WX_B01,WX,1
WX_B01-0013,WX_B01,WX,3
WX_B01-0014,WX_B01,WX,1
WX_B01-0015,WX_B01,WX,4
WX_B01-0016,WX_B01,WX,4
WX_B01-0017,WX_B01,WX,4
WX_B01-0018,WX_B01,WX,1
WX_B01-0019,WX_B01,WX,4
WX_B01-0020,WX_B01,WX,1
WX_B01-0022,WX_B01,WX,2
WX_B01-0023,WX_B01,WX,4
WX_B01-0024,WX_B01,WX,2
WX_B01-0025,WX_B01,WX,1
WX_B01-0026,WX_B01,WX,2
WX_B01-0027,WX_B01,WX,2
WX_B01-0028,WX_B01,WX,3
WX_B01-0029,WX_B01,WX,2
WX_B01-0030,WX_B01,WX,3
WX_B01-0031,WX_B01,WX,5
WX_B01-0032,WX_B01,WX,2
WX_B01-0033,WX_B01,WX,5
WX_B01-0034,WX_B01,WX,2
WX_B01-0035,WX_B01,WX,4
WX_B01-0036,WX_B01,WX,1
WX_B01-0037,WX_B01,WX,5
WX_B01-0038,WX_B01,WX,4
WX_B01-0039,WX_B01,WX,5
WX_B01-0040,WX_B01,WX,5
WX_B01-0041,WX_B01,WX,5
WX_B01-0042,WX_B01,WX,3
WX_B01-0043,WX_B01,WX,1
WX_B01-0044,WX_B01,WX,4
WX_B01-0045,WX_B01,WX,5
WX_B01-0046,WX_B01,WX,3
WX_B01-0047,WX_B01,WX,3
WX_B01-0049,WX_B01,WX,5
WX_B01-0050,WX_B01,WX,3
WX_B01-0052,WX_B01,WX,4
WX_B01-0054,WX_B01,WX,3
WX_B01-0055,WX_B01,WX,5
WX_B01-0056,WX_B01,WX,4
WX_B01-0057,WX_B01,WX,3
WX_B01-0058,WX_B01,WX,2
WX_B01-0059,WX_B01,WX,5
WX_B01-0060,WX_B01,WX,4
WX_B01-0061,WX_B01,WX,2
WX_B01-0062,WX_B01,WX,2
WX_B01-0063,WX_B01,WX,2
WX_B01-0064,WX_B01,WX,3
WX_B01-0065,WX_B01,WX,3
WX_B01-0066,WX_B01,WX,2
WX_B01-0067,WX_B01,WX,1
WX_B01-0068,WX_B01,WX,5
WX_B01-0070,WX_B01,WX,5
WX_B01-0071,WX_B01,WX,4
WX_B01-0072,WX_B01,WX,3
WX_B01-0073,WX_B01,WX,2
WX_B01-0074,WX_B01,WX,3
WX_B01-0075,WX_B01,WX,5
WX_B01-0076,WX_B01,WX,3
WX_B01-0077,WX_B01,WX,5
WX_B01-0078,WX_B01,WX,5
WX_B01-0079,WX_B01,WX,1
WX_B01-0080,WX_B01,WX,1
WX_B01-0081,WX_B01,WX,2
WX_B01-0082,WX_B01,WX,1
WX_B01-0083,WX_B01,WX,2
WX_B01-0084,WX_B01,WX,4
WX_B01-0085,WX_B01,WX,2
WX_B01-0086,WX_B01,WX,1
WX_B01-0087,WX_B01,WX,4
WX_B01-0088,WX_B01,WX,2
WX_B01-0089,WX_B01,WX,3
WX_B01-0090,WX_B01,WX,1
WX_B01-0092,WX_B01,WX,3
WX_B01-0093,WX_B01,WX,4
WX_B01-0094,WX_B01,WX,3
WX_B01-0095,WX_B01,WX,4
WX_B01-0098,WX_B01,WX,4
WX_B01-0099,WX_B01,WX,5
WX_B01-0100,WX_B01,WX,2
WX_B01-0101,WX_B01,WX,3
WX_B01-0102,WX_B01,WX,2
WX_B01-0103,WX_B01,WX,5
WX_B01-0104,WX_B01,WX,4
WX_B01-0105,WX_B01,WX,4
WX_B01-0107,WX_B01,WX,4
WX_B01-0109,WX_B01,WX,1
WX_B01-0110,WX_B01,WX,2
WX_B01-0111,WX_B01,WX,3
WX_B01-0112,WX_B01,WX,3
WX_B01-0113,WX_B01,WX,3
WX_B01-0114,WX_B01,WX,4
WX_B01-0115,WX_B01,WX,1
WX_B01-0116,WX_B01,WX,2
WX_B01-0117,WX_B01,WX,3
WX_B01-0118,WX_B01,WX,3
WX_B01-0119,WX_B01,WX,5
WX_B01-0120,WX_B01,WX,3
WX_B01-0121,WX_B01,WX,1
WX_B01-0122,WX_B01,WX,1
WX_B01-0123,WX_B01,WX,1
WX_B01-0124,WX_B01,WX,4
WX_B01-0125,WX_B01,WX,4
WX_B01-0127,WX_B01,WX,5
WX_B01-0128,WX_B01,WX,1
WX_B01-0129,WX_B01,WX,1
WX_B01-0130,WX_B01,WX,2
WX_B01-0131,WX_B01,WX,5
WX_B01-0133,WX_B01,WX,2
WX_B01-0134,WX_B01,WX,2
WX_B01-0135,WX_B01,WX,5
WX_B01-0136,WX_B01,WX,1
WX_B01-0137,WX_B01,WX,3
WX_B01-0138,WX_B01,WX,5
WX_B01-0140,WX_B01,WX,1
WX_B01-0141,WX_B01,WX,5
WX_B01-0142,WX_B01,WX,3
WX_B01-0144,WX_B01,WX,5
WX_B01-0147,WX_B01,WX,4
WX_B01-0148,WX_B01,WX,3
WX_B01-0149,WX_B01,WX,1
WX_B01-0150,WX_B01,WX,5
WX_B01-0151,WX_B01,WX,2
WX_B01-0152,WX_B01,WX,3
WX_B01-0153,WX_B01,WX,5
WX_B01-0154,WX_B01,WX,5
WX_B01-0155,WX_B01,WX,4
WX_B01-0159,WX_B01,WX,5
WX_B01-0160,WX_B01,WX,5
WX_B01-0161,WX_B01,WX,5
WX_B01-0162,WX_B01,WX,5
WX_B01-0163,WX_B01,WX,3
WX_B01-0164,WX_B01,WX,3
WX_B01-0165,WX_B01,WX,2
WX_B01-0166,WX_B01,WX,4
WX_B01-0168,WX_B01,WX,1
WX_B01-0169,WX_B01,WX,4
WX_B01-0171,WX_B01,WX,5
WX_B01-0172,WX_B01,WX,3
WX_B01-0173,WX_B01,WX,1
WX_B01-0174,WX_B01,WX,2
WX_B01-0175,WX_B01,WX,1
WX_B01-0176,WX_B01,WX,4
WX_B01-0177,WX_B01,WX,2
WX_B01-0178,WX_B01,WX,4
WX_B01-0180,WX_B01,WX,2
WX_B01-0181,WX_B01,WX,1
WX_B01-0182,WX_B01,WX,5
WX_B01-0184,WX_B01,WX,2
WX_B01-0185,WX_B01,WX,2
WX_B01-0186,WX_B01,WX,1
WX_B01-0188,WX_B01,WX,4
WX_B01-0189,WX_B01,WX,2
WX_B01-0190,WX_B01,WX,4
WX_B01-0191,WX_B01,WX,5
WX_B01-0192,WX_B01,WX,3
WX_B01-0193,WX_B01,WX,4
WX_B01-0194,WX_B01,WX,3
WX_B01-0195,WX_B01,WX,5
WX_B01-0196,WX_B01,WX,1
WX_B01-0197,WX_B01,WX,2
WX_B01-0198,WX_B01,WX,3
WX_B01-0199,WX_B01,WX,4
WX_B01-0200,WX_B01,WX,2
WX_B01-0201,WX_B01,WX,4
WX_B01-0202,WX_B01,WX,4
WX_B01-0203,WX_B01,WX,3
WX_B01-0204,WX_B01,WX,3
WX_B01-0205,WX_B01,WX,1
WX_B01-0206,WX_B01,WX,3
WX_B01-0207,WX_B01,WX,1
WX_B01-0209,WX_B01,WX,5
WX_B01-0210,WX_B01,WX,2
WX_B01-0212,WX_B01,WX,1
WX_B01-0213,WX_B01,WX,1
WX_B01-0214,WX_B01,WX,1
WX_B01-0215,WX_B01,WX,1
WX_B01-0216,WX_B01,WX,3
WX_B01-0218,WX_B01,WX,2
ZSKLD_B01-0001,ZSKLD_B01,ZSKLD,1
ZSKLD_B01-0002,ZSKLD_B01,ZSKLD,4
ZSKLD_B01-0003,ZSKLD_B01,ZSKLD,3
ZSKLD_B01-0004,ZSKLD_B01,ZSKLD,3
ZSKLD_B01-0005,ZSKLD_B01,ZSKLD,5
ZSKLD_B01-0007,ZSKLD_B01,ZSKLD,5
ZSKLD_B01-0008,ZSKLD_B01,ZSKLD,5
ZSKLD_B01-0009,ZSKLD_B01,ZSKLD,4
ZSKLD_B01-0010,ZSKLD_B01,ZSKLD,3
ZSKLD_B01-0011,ZSKLD_B01,ZSKLD,4
ZSKLD_B01-0012,ZSKLD_B01,ZSKLD,1
ZSKLD_B01-0013,ZSKLD_B01,ZSKLD,3
ZSKLD_B01-0014,ZSKLD_B01,ZSKLD,2
ZSKLD_B01-0015,ZSKLD_B01,ZSKLD,2
ZSKLD_B01-0016,ZSKLD_B01,ZSKLD,1
ZSKLD_B01-0017,ZSKLD_B01,ZSKLD,3
ZSKLD_B01-0018,ZSKLD_B01,ZSKLD,4
ZSKLD_B01-0019,ZSKLD_B01,ZSKLD,2
ZSKLD_B01-0020,ZSKLD_B01,ZSKLD,4
ZSKLD_B01-0022,ZSKLD_B01,ZSKLD,4
ZSKLD_B01-0023,ZSKLD_B01,ZSKLD,1
ZSKLD_B01-0024,ZSKLD_B01,ZSKLD,3
ZSKLD_B01-0025,ZSKLD_B01,ZSKLD,2
ZSKLD_B01-0026,ZSKLD_B01,ZSKLD,4
ZSKLD_B01-0027,ZSKLD_B01,ZSKLD,5
ZSKLD_B01-0028,ZSKLD_B01,ZSKLD,5
ZSKLD_B01-0029,ZSKLD_B01,ZSKLD,1
ZSKLD_B01-0030,ZSKLD_B01,ZSKLD,2
ZSKLD_B01-0031,ZSKLD_B01,ZSKLD,5
ZSKLD_B01-0032,ZSKLD_B01,ZSKLD,3
ZSKLD_B01-0033,ZSKLD_B01,ZSKLD,5
ZSKLD_B01-0034,ZSKLD_B01,ZSKLD,3
ZSKLD_B01-0035,ZSKLD_B01,ZSKLD,3
ZSKLD_B01-0037,ZSKLD_B01,ZSKLD,2
ZSKLD_B01-0038,ZSKLD_B01,ZSKLD,3
ZSKLD_B01-0039,ZSKLD_B01,ZSKLD,2
ZSKLD_B01-0040,ZSKLD_B01,ZSKLD,3
ZSKLD_B01-0041,ZSKLD_B01,ZSKLD,1
ZSKLD_B01-0042,ZSKLD_B01,ZSKLD,3
ZSKLD_B01-0043,ZSKLD_B01,ZSKLD,1
ZSKLD_B01-0044,ZSKLD_B01,ZSKLD,1
ZSKLD_B01-0045,ZSKLD_B01,ZSKLD,2
ZSKLD_B01-0046,ZSKLD_B01,ZSKLD,2
ZSKLD_B01-0047,ZSKLD_B01,ZSKLD,2
ZSKLD_B01-0048,ZSKLD_B01,ZSKLD,2
ZSKLD_B01-0049,ZSKLD_B01,ZSKLD,4
ZSKLD_B01-0050,ZSKLD_B01,ZSKLD,3
ZSKLD_B01-0051,ZSKLD_B01,ZSKLD,4
ZSKLD_B01-0052,ZSKLD_B01,ZSKLD,3
ZSKLD_B01-0054,ZSKLD_B01,ZSKLD,2
ZSKLD_B01-0055,ZSKLD_B01,ZSKLD,1
ZSKLD_B01-0056,ZSKLD_B01,ZSKLD,2
ZSKLD_B01-0057,ZSKLD_B01,ZSKLD,2
ZSKLD_B01-0058,ZSKLD_B01,ZSKLD,4
ZSKLD_B01-0059,ZSKLD_B01,ZSKLD,1
ZSKLD_B01-0060,ZSKLD_B01,ZSKLD,3
ZSKLD_B01-0061,ZSKLD_B01,ZSKLD,2
ZSKLD_B01-0062,ZSKLD_B01,ZSKLD,1
ZSKLD_B01-0063,ZSKLD_B01,ZSKLD,1
ZSKLD_B01-0064,ZSKLD_B01,ZSKLD,2
ZSKLD_B01-0065,ZSKLD_B01,ZSKLD,5
ZSKLD_B01-0066,ZSKLD_B01,ZSKLD,4
ZSKLD_B01-0068,ZSKLD_B01,ZSKLD,5
ZSKLD_B01-0069,ZSKLD_B01,ZSKLD,1
ZSKLD_B01-0071,ZSKLD_B01,ZSKLD,3
ZSKLD_B01-0072,ZSKLD_B01,ZSKLD,5
ZSKLD_B01-0073,ZSKLD_B01,ZSKLD,2
ZSKLD_B01-0075,ZSKLD_B01,ZSKLD,1
ZSKLD_B01-0077,ZSKLD_B01,ZSKLD,1
ZSKLD_B01-0078,ZSKLD_B01,ZSKLD,1
ZSKLD_B01-0079,ZSKLD_B01,ZSKLD,5
ZSKLD_B01-0080,ZSKLD_B01,ZSKLD,4
ZSKLD_B01-0081,ZSKLD_B01,ZSKLD,3
ZSKLD_B01-0082,ZSKLD_B01,ZSKLD,3
ZSKLD_B01-0083,ZSKLD_B01,ZSKLD,2
ZSKLD_B01-0084,ZSKLD_B01,ZSKLD,4
ZSKLD_B01-0085,ZSKLD_B01,ZSKLD,4
ZSKLD_B01-0087,ZSKLD_B01,ZSKLD,1
ZSKLD_B01-0088,ZSKLD_B01,ZSKLD,3
ZSKLD_B01-0089,ZSKLD_B01,ZSKLD,4
ZSKLD_B01-0090,ZSKLD_B01,ZSKLD,5
ZSKLD_B01-0091,ZSKLD_B01,ZSKLD,5
ZSKLD_B01-0092,ZSKLD_B01,ZSKLD,5
ZSKLD_B01-0093,ZSKLD_B01,ZSKLD,5
ZSKLD_B01-0094,ZSKLD_B01,ZSKLD,2
ZSKLD_B01-0095,ZSKLD_B01,ZSKLD,1
ZSKLD_B01-0096,ZSKLD_B01,ZSKLD,4
ZSKLD_B01-0097,ZSKLD_B01,ZSKLD,5
ZSKLD_B01-0098,ZSKLD_B01,ZSKLD,2
ZSKLD_B01-0099,ZSKLD_B01,ZSKLD,2
ZSKLD_B01-0100,ZSKLD_B01,ZSKLD,4
ZSKLD_B01-0102,ZSKLD_B01,ZSKLD,2
ZSKLD_B01-0103,ZSKLD_B01,ZSKLD,5
ZSKLD_B01-0104,ZSKLD_B01,ZSKLD,2
ZSKLD_B01-0105,ZSKLD_B01,ZSKLD,3
ZSKLD_B01-0106,ZSKLD_B01,ZSKLD,1
ZSKLD_B01-0107,ZSKLD_B01,ZSKLD,4
ZSKLD_B01-0108,ZSKLD_B01,ZSKLD,2
ZSKLD_B01-0109,ZSKLD_B01,ZSKLD,5
ZSKLD_B01-0110,ZSKLD_B01,ZSKLD,3
ZSKLD_B01-0111,ZSKLD_B01,ZSKLD,1
ZSKLD_B01-0112,ZSKLD_B01,ZSKLD,4
ZSKLD_B01-0113,ZSKLD_B01,ZSKLD,5
ZSKLD_B01-0114,ZSKLD_B01,ZSKLD,4
ZSKLD_B01-0115,ZSKLD_B01,ZSKLD,4
ZSKLD_B01-0116,ZSKLD_B01,ZSKLD,1
ZSKLD_B01-0117,ZSKLD_B01,ZSKLD,1
ZSKLD_B01-0118,ZSKLD_B01,ZSKLD,3
ZSKLD_B01-0119,ZSKLD_B01,ZSKLD,4
ZSKLD_B01-0120,ZSKLD_B01,ZSKLD,4
ZSKLD_B01-0121,ZSKLD_B01,ZSKLD,5
ZSKLD_B01-0122,ZSKLD_B01,ZSKLD,1
ZSKLD_B01-0123,ZSKLD_B01,ZSKLD,3
ZSKLD_B01-0124,ZSKLD_B01,ZSKLD,5
ZSKLD_B01-0125,ZSKLD_B01,ZSKLD,2
ZSKLD_B01-0126,ZSKLD_B01,ZSKLD,3
ZSKLD_B01-0127,ZSKLD_B01,ZSKLD,4
ZSKLD_B01-0128,ZSKLD_B01,ZSKLD,5
ZSKLD_B01-0129,ZSKLD_B01,ZSKLD,4
ZSKLD_B01-0130,ZSKLD_B01,ZSKLD,4
ZSKLD_B01-0131,ZSKLD_B01,ZSKLD,2
ZSKLD_B01-0132,ZSKLD_B01,ZSKLD,2
ZSKLD_B01-0133,ZSKLD_B01,ZSKLD,4
ZSKLD_B01-0134,ZSKLD_B01,ZSKLD,1
ZSKLD_B01-0135,ZSKLD_B01,ZSKLD,4
ZSKLD_B01-0136,ZSKLD_B01,ZSKLD,3
ZSKLD_B01-0138,ZSKLD_B01,ZSKLD,1
ZSKLD_B01-0139,ZSKLD_B01,ZSKLD,4
ZSKLD_B01-0140,ZSKLD_B01,ZSKLD,1
ZSKLD_B01-0141,ZSKLD_B01,ZSKLD,4
ZSKLD_B01-0142,ZSKLD_B01,ZSKLD,4
ZSKLD_B01-0143,ZSKLD_B01,ZSKLD,1
ZSKLD_B01-0144,ZSKLD_B01,ZSKLD,4
ZSKLD_B01-0145,ZSKLD_B01,ZSKLD,3
ZSKLD_B01-0146,ZSKLD_B01,ZSKLD,3
ZSKLD_B01-0147,ZSKLD_B01,ZSKLD,3
ZSKLD_B01-0148,ZSKLD_B01,ZSKLD,4
ZSKLD_B01-0149,ZSKLD_B01,ZSKLD,2
ZSKLD_B01-0150,ZSKLD_B01,ZSKLD,5
ZSKLD_B01-0151,ZSKLD_B01,ZSKLD,1
ZSKLD_B01-0152,ZSKLD_B01,ZSKLD,4
ZSKLD_B01-0153,ZSKLD_B01,ZSKLD,2
ZSKLD_B01-0154,ZSKLD_B01,ZSKLD,5
ZSKLD_B01-0155,ZSKLD_B01,ZSKLD,2
ZSKLD_B01-0156,ZSKLD_B01,ZSKLD,5
ZSKLD_B01-0157,ZSKLD_B01,ZSKLD,1
ZSKLD_B01-0158,ZSKLD_B01,ZSKLD,3
ZSKLD_B01-0161,ZSKLD_B01,ZSKLD,4
ZSKLD_B01-0163,ZSKLD_B01,ZSKLD,4
ZSKLD_B01-0164,ZSKLD_B01,ZSKLD,5
ZSKLD_B01-0165,ZSKLD_B01,ZSKLD,5
ZSKLD_B01-0166,ZSKLD_B01,ZSKLD,1
ZSKLD_B01-0167,ZSKLD_B01,ZSKLD,5
ZSKLD_B01-0168,ZSKLD_B01,ZSKLD,2
ZSKLD_B01-0169,ZSKLD_B01,ZSKLD,5
ZSKLD_B01-0170,ZSKLD_B01,ZSKLD,3
ZSKLD_B01-0171,ZSKLD_B01,ZSKLD,4
ZSKLD_B01-0173,ZSKLD_B01,ZSKLD,3
ZSKLD_B01-0174,ZSKLD_B01,ZSKLD,3
ZSKLD_B01-0175,ZSKLD_B01,ZSKLD,1
ZSKLD_B01-0176,ZSKLD_B01,ZSKLD,5
ZSKLD_B01-0177,ZSKLD_B01,ZSKLD,3
ZSKLD_B01-0178,ZSKLD_B01,ZSKLD,1
ZSKLD_B01-0179,ZSKLD_B01,ZSKLD,2
ZSKLD_B01-0181,ZSKLD_B01,ZSKLD,3
ZSKLD_B01-0182,ZSKLD_B01,ZSKLD,5
ZSKLD_B01-0183,ZSKLD_B01,ZSKLD,4
ZSKLD_B01-0185,ZSKLD_B01,ZSKLD,2
ZSKLD_B01-0186,ZSKLD_B01,ZSKLD,3
ZSKLD_B01-0188,ZSKLD_B01,ZSKLD,3
ZSKLD_B01-0189,ZSKLD_B01,ZSKLD,2
ZSKLD_B01-0191,ZSKLD_B01,ZSKLD,2
ZSKLD_B01-0192,ZSKLD_B01,ZSKLD,1
ZSKLD_B01-0194,ZSKLD_B01,ZSKLD,1
ZSKLD_B01-0195,ZSKLD_B01,ZSKLD,5
ZSKLD_B01-0196,ZSKLD_B01,ZSKLD,5
ZSKLD_B01-0198,ZSKLD_B01,ZSKLD,2
ZSKLD_B01-0199,ZSKLD_B01,ZSKLD,5
ZSKLD_B01-0200,ZSKLD_B01,ZSKLD,1
ZSKLD_B01-0201,ZSKLD_B01,ZSKLD,2
ZSKLD_B01-0203,ZSKLD_B01,ZSKLD,5
ZSKLD_B01-0204,ZSKLD_B01,ZSKLD,5
ZSKLD_B01-0205,ZSKLD_B01,ZSKLD,3
ZSKLD_B01-0208,ZSKLD_B01,ZSKLD,1
ZSKLD_B01-0209,ZSKLD_B01,ZSKLD,4
ZSKLD_B01-0211,ZSKLD_B01,ZSKLD,2
ZSKLD_B01-0212,ZSKLD_B01,ZSKLD,2
ZSKLD_B01-0213,ZSKLD_B01,ZSKLD,4
ZSKLD_B01-0214,ZSKLD_B01,ZSKLD,2
ZSKLD_B01-0215,ZSKLD_B01,ZSKLD,3
ZSKLD_B01-0216,ZSKLD_B01,ZSKLD,4
ZSKLD_B01-0217,ZSKLD_B01,ZSKLD,4
ZSKLD_B01-0218,ZSKLD_B01,ZSKLD,1
ZSKLD_B01-0219,ZSKLD_B01,ZSKLD,1
ZSKLD_B01-0220,ZSKLD_B01,ZSKLD,1
ZSKLD_B01-0221,ZSKLD_B01,ZSKLD,3
ZSKLD_B01-0222,ZSKLD_B01,ZSKLD,2
ZSKLD_B01-0223,ZSKLD_B01,ZSKLD,5
ZSKLD_B01-0224,ZSKLD_B01,ZSKLD,4
ZSKLD_B01-0226,ZSKLD_B01,ZSKLD,4
ZSKLD_B01-0227,ZSKLD_B01,ZSKLD,3
ZSKLD_B01-0228,ZSKLD_B01,ZSKLD,1
ZSKLD_B01-0229,ZSKLD_B01,ZSKLD,2
ZSKLD_B01-0230,ZSKLD_B01,ZSKLD,4
ZSKLD_B01-0231,ZSKLD_B01,ZSKLD,5
ZSKLD_B01-0232,ZSKLD_B01,ZSKLD,5
ZSKLD_B01-0234,ZSKLD_B01,ZSKLD,1
ZSKLD_B01-0235,ZSKLD_B01,ZSKLD,1
ZSKLD_B01-0236,ZSKLD_B01,ZSKLD,5
ZSKLD_B01-0237,ZSKLD_B01,ZSKLD,3
ZSKLD_B01-0238,ZSKLD_B01,ZSKLD,1
ZSKLD_B01-0239,ZSKLD_B01,ZSKLD,5
ZSKLD_B01-0240,ZSKLD_B01,ZSKLD,1
ZSKLD_B01-0241,ZSKLD_B01,ZSKLD,5
ZSKLD_B01-0243,ZSKLD_B01,ZSKLD,2
ZSKLD_B01-0244,ZSKLD_B01,ZSKLD,2
ZSKLD_B01-0245,ZSKLD_B01,ZSKLD,3
ZSKLD_B01-0246,ZSKLD_B01,ZSKLD,3
ZSKLD_B01-0247,ZSKLD_B01,ZSKLD,1
ZSKLD_B01-0248,ZSKLD_B01,ZSKLD,3
ZSKLD_B01-0249,ZSKLD_B01,ZSKLD,2
ZSKLD_B01-0250,ZSKLD_B01,ZSKLD,2
ZSKLD_B01-0251,ZSKLD_B01,ZSKLD,4
ZSKLD_B01-0253,ZSKLD_B01,ZSKLD,2
ZSKLD_B01-0255,ZSKLD_B01,ZSKLD,3
ZSKLD_B01-0256,ZSKLD_B01,ZSKLD,5
ZSKLD_B01-0257,ZSKLD_B01,ZSKLD,5
ZSKLD_B01-0258,ZSKLD_B01,ZSKLD,5
ZSKLD_B01-0259,ZSKLD_B01,ZSKLD,5
ZSKLD_B01-0260,ZSKLD_B01,ZSKLD,4
ZSKLD_B01-0261,ZSKLD_B01,ZSKLD,2
ZSKLD_B01-0262,ZSKLD_B01,ZSKLD,4
ZSKLD_B01-0263,ZSKLD_B01,ZSKLD,1
ZSKLD_B01-0264,ZSKLD_B01,ZSKLD,4
ZSKLD_B01-0267,ZSKLD_B01,ZSKLD,4
ZSKLD_B01-0268,ZSKLD_B01,ZSKLD,5
ZSKLD_B01-0269,ZSKLD_B01,ZSKLD,1
ZSKLD_B01-0270,ZSKLD_B01,ZSKLD,3
ZSKLD_B01-0271,ZSKLD_B01,ZSKLD,4
ZSKLD_B01-0272,ZSKLD_B01,ZSKLD,3
ZSKLD_B01-0273,ZSKLD_B01,ZSKLD,5
ZSKLD_B01-0275,ZSKLD_B01,ZSKLD,2
ZSKLD_B01-0276,ZSKLD_B01,ZSKLD,1
ZSKLD_B01-0277,ZSKLD_B01,ZSKLD,1
ZSKLD_B01-0278,ZSKLD_B01,ZSKLD,3
ZSKLD_B01-0279,ZSKLD_B01,ZSKLD,4
ZSKLD_B01-0280,ZSKLD_B01,ZSKLD,2
ZSKLD_B01-0282,ZSKLD_B01,ZSKLD,5
ZSKLD_B01-0283,ZSKLD_B01,ZSKLD,2
ZSKLD_B01-0285,ZSKLD_B01,ZSKLD,3
ZSKLD_B01-0286,ZSKLD_B01,ZSKLD,2
ZSKLD_B01-0287,ZSKLD_B01,ZSKLD,1
ZSKLD_B01-0289,ZSKLD_B01,ZSKLD,1
ZSKLD_B01-0290,ZSKLD_B01,ZSKLD,1
ZSKLD_B01-0291,ZSKLD_B01,ZSKLD,3
ZSKLD_B01-0292,ZSKLD_B01,ZSKLD,5
ZSKLD_B01-0293,ZSKLD_B01,ZSKLD,5
ZSKLD_B01-0294,ZSKLD_B01,ZSKLD,4
ZSKLD_B01-0295,ZSKLD_B01,ZSKLD,1
ZSKLD_B01-0296,ZSKLD_B01,ZSKLD,5
ZSKLD_B01-0297,ZSKLD_B01,ZSKLD,3
ZSKLD_B01-0298,ZSKLD_B01,ZSKLD,3
ZSKLD_B01-0299,ZSKLD_B01,ZSKLD,3
ZSKLD_B01-0300,ZSKLD_B01,ZSKLD,5
